TESTID,WellID,DepthMD,DepthTVDSS,Temp,GR,Resist_deep,Resist_medium,Resist_short,Density ,Neutron,FluidType,Subblock,Thickness,Reservior,Mobility
14,Well2,2399.5,2227.325057,94.23,44.7551,2.5318,2.6355,3.4361,2.2565,0.25493,W,I,9.711914,b4,249.47
15,Well2,2466,2279.336933,96.3,45.7771,2.7585,3.0652,4.1357,2.3057,0.2253,W,I,7.7146,b4,209.71
20,Well2,2783.3,2528.831697,106.67,44.6048,61.4907,56.072,40.5391,2.3343,0.1925,O,J,3.217773,c1,63.87
21,Well2,2785.7,2530.706846,107.13,46.3183,68.531,53.6928,52.8867,2.3347,0.21244,O,J,3.217773,c1,24.2
22,Well2,2789.2,2533.441439,107.62,51.9686,26.9497,34.2738,31.1757,2.3823,0.19515,O,J,1.548828,c1,2.12
23,Well2,2799.1,2541.176429,108.54,49.5639,9.9794,11.5077,14.2415,2.4652,0.14628,O?,J,0.357178,c1,0.79
25,Well2,2864.5,2592.31786,110.79,49.3234,16.9986,18.0347,24.5085,2.3228,0.2047,O,J,0.949219,c2,35.55
27,Well2,2882,2605.93827,111.55,50.7482,14.7702,15.7488,18.0355,2.3786,0.18844,O,J,1.421143,c2,11.55
28,Well2,2901.2,2620.856075,111.75,51.4878,37.7457,35.887,25.8018,2.3706,0.18938,O?,J,0.710205,c2,6.7
29,Well2,2906.2,2624.741822,112.54,49.6539,27.9355,31.1693,19.4591,2.4439,0.12988,O?,J,0.355225,c2,12.21
31,Well3,2228.8,2031.208471,84.62,54.3658,2.7354,2.9999,3.9132,2.3183,0.22709,W,I,7.441895,b3,114.87
32,Well3,2289.7,2089.542669,90.09,48.9367,3.1813,3.4096,4.2733,2.2943,0.22817,W,I,3.4486085,b4,51.15
33,Well3,2323.4,2121.860331,90.74,49.8353,3.0489,3.2864,4.0806,2.3012,0.2048,W,I,3.509277,b4,92.32
35,Well3,2370,2166.578108,91.88,58.3582,3.9532,4.315,5.1619,2.3602,0.19133,W,I,4.384277,b4,57.68
37,Well3,2411.4,2206.217831,93.55,52.9346,79.5939,92.0173,103.6003,2.3015,0.21907,O,I,5.098389,b4,215.96
38,Well3,2416.5,2211.090145,93.88,63.7505,36.7857,36.9901,36.3178,2.344,0.24748,O,I,0.728027,b4,13.26
40,Well3,2661.3,2441.001187,101.1,56.8703,9.0661,9.3546,10.0788,2.3733,0.2258,W,I,1.403809,c2,26.8
41,Well3,2669.1,2448.188997,101.99,39.7627,7.9001,7.4186,7.634,2.2982,0.22764,W,I,1.963135,c2,146.45
43,Well4,2504.4,2129.599011,89.08,44.8586,4.18,4.1051,4.822,2.3104,0.26495,O?,M,2.191162,c1,37.66
45,Well4,2526.2,2148.038632,91.09,45.3295,16.7239,20.1895,21.3104,2.2538,0.29237,O,M,1.416992,c1,208.88
46,Well4,2529,2150.413792,91.86,54.6012,9.7378,10.7184,10.6968,2.355,0.24375,O,M,0.902344,c1,31.61
51,Well4,2646.1,2250.013356,97.61,45.6237,3.8392,3.8749,4.5826,2.293,0.2398,W,M,1.810059,c2,287.85
52,Well4,2748.8,2338.0273,100.21,53.0699,5.1276,5.0175,5.2668,2.3194,0.23183,W,M,1.189697,c2,395.46
54,Well4,2802.4,2384.907457,101.07,50.474,6.6734,7.5892,9.7221,2.3237,0.23991,W,M,0.941895,c2,42.29
58,Well5,2357.1,2250.100977,95.43,57.0266,13.8053,14.1075,15.1043,2.2459,0.26299,O,I,0.957275,b4,9.43
60,Well5,2370,2261.595653,96.48,53.8561,66.0593,79.9215,91.889,2.2798,0.20398,O,I,6.386963,b4,77.26
63,Well5,2645.5,2491.174359,104.79,41.8507,27.4514,32.0737,35.222,2.3444,0.16323,O,J,1.988525,c1,15.52
64,Well5,2696.4,2532.443798,103.88,48.9359,9.7692,10.0935,11.2738,2.2922,0.20664,W,J,1.341309,c2,89.12
65,Well5,2713.3,2546.016621,105.7,64.5066,10.4844,11.4027,13.8893,2.3734,0.19242,W,J,1.215332,c2,4.11
68,Well5,2776.2,2597.120007,109.9,49.0153,59.7376,59.157,62.3028,2.256,0.25781,O,J,0.75293,c2,23.82
70,Well5,2790,2608.494199,110.73,57.3388,18.6803,24.5784,22.593,2.4383,0.17092,O,J,0.378662,c2,7.58
72,Well5,2818,2631.841159,111.46,75.4632,23.7122,24.353,24.8288,2.4837,0.18166,O,J,0.255859,c2,0.75
74,Well6,2215.3,2031.135722,84.9,43.5114,4.0312,4.0048,4.6029,2.3257,0.22055,W,I,5.33374,b3,1.29
75,Well6,2224.3,2040.135364,94.52,55.5292,4.872,5.7236,6.4179,2.4284,0.13803,W,I,1.676392,b3,10.87
77,Well6,2274,2089.83345,90.68,52.8177,4.7611,4.9196,5.5266,2.3083,0.23773,W,I,4.26709,b4,5.87
78,Well6,2301.6,2117.43158,92.53,54.543,3.6166,3.9343,4.9343,2.3055,0.23933,W,I,3.504639,b4,12.14
79,Well6,2318,2133.829119,92.89,40.6762,2.4213,2.4983,2.9437,2.2588,0.2474,W,I,8.228271,b4,186.49
81,Well6,2344.3,2160.124164,93.97,46.192,3.3937,3.4297,3.7778,2.3202,0.19535,W,I,11.122559,b4,72.93
82,Well6,2367.8,2183.617785,94.77,46.8391,3.4052,3.5178,4.012,2.3425,0.19187,W,I,4.265869,b4,13.02
83,Well6,2378.2,2194.014073,95.1,69.2418,17.7181,18.1734,17.2841,2.4148,0.21034,O?,I,2.589844,b4,1.38
84,Well6,2386,2201.811289,95.35,50.4755,89.3251,95.8515,66.8156,2.277,0.22401,O,I,3.503418,b4,41.21
86,Well7,2403.3,2213.226254,90.92,51.4015,21.8879,25.5814,27.4931,2.3236,0.23565,O,I,2.397217,c1,6.49
90,Well7,2483,2279.838191,98.97,54.8657,28.3874,29.2288,28.0831,2.4074,0.23912,O,I,1.402344,c2,16.87
91,Well7,2510.6,2302.799373,100.31,53.2226,15.0437,16.3838,21.3754,2.4001,0.19078,O?,I,3.275635,c2,3.15
93,Well7,2514.9,2306.351957,101.27,48.4141,13.9839,16.4972,19.9961,2.4095,0.16415,O?,I,0.503174,c2,20.12
95,Well7,2535.6,2323.441427,102.7,62.9296,21.1762,23.4326,26.0662,2.5048,0.15649,O?,I,0.125244,c2,0.54
96,Well7,2618,2390.894335,103.8,62.5116,15.4252,14.7352,16.3782,2.3993,0.23095,O?,I,0.376221,c2,5.06
101,Well7,2843.6,2579.379672,110.97,37.8861,49.8321,40.6396,35.4889,2.3892,0.23708,O,N,0.677246,c3,7.78
102,Well8,2340.5,1930.872654,78.36,60.9415,3.4662,3.5169,3.7694,2.3603,0.27798,W,I,2.49585,b3,1.84
103,Well8,2359,1946.820203,81.06,45.3344,60.7524,45.9522,46.6716,2.1913,0.19457,O,I,3.548218,b4,146.26
104,Well8,2376,1961.473951,82.85,49.16,14.1575,18.0993,17.1143,2.2231,0.26451,O,I,1.70752,b4,109.53
105,Well8,2384.3,1968.628419,84.44,52.7734,19.0703,16.6861,16.2752,2.2554,0.22444,O,I,1.969971,b4,70.48
109,Well8,2424,2002.944127,88.53,50.6177,37.4917,35.8154,31.6506,2.2598,0.24903,O,I,7.001099,b4,209.98
111,Well8,2443.5,2019.859644,89.86,59.6357,20.0282,20.4459,20.087,2.2705,0.21229,O,I,1.588135,b4,199.32
112,Well8,2448.7,2024.379848,90.4,64.9798,7.6924,7.61,7.7428,2.3774,0.24928,O?,I,2.783447,b4,7.18
114,Well9,2311.7,2221.396895,90.01,46.1212,3.4649,3.6485,4.0554,2.2615,0.25411,W,I,4.618652,b4,75.95
115,Well9,2321.6,2230.235455,90.7,42.7684,2.8881,3.1856,4.5953,2.2922,0.21387,W,I,4.992188,b4,64.58
116,Well9,2329.5,2237.194726,93.88,45.2754,3.3546,3.8371,5.1786,2.2965,0.24154,W,I,2.697998,b4,15.86
117,Well9,2550,2418.34173,99.1,44.46,50.6338,55.6444,47.6042,2.32,0.21545,O,J,1.079102,c1,13.89
118,Well9,2568.6,2431.764464,101.05,52.0112,42.9255,53.6367,42.4354,2.3706,0.20986,O,J,1.753662,c1,6.37
122,Well9,2701.8,2526.620878,109.19,37.9057,55.0325,73.5798,61.6765,2.3113,0.20478,O,J,2.293213,c2,43.32
123,Well9,2721.3,2540.402227,109.43,36.1239,69.1821,99.7171,54.873,2.3294,0.17723,O,J,2.158203,c2,36.97
125,Well9,2851.1,2632.311956,111.92,41.5602,25.1646,32.9489,25.997,2.3435,0.18404,O,J,1.888428,c2,1.85
126,Well9,2861.8,2639.874697,112.34,39.3857,12.3311,13.5307,15.1443,2.4025,0.17975,W,J,7.149414,c2,12.07
133,Well9,2949.4,2701.872324,115.81,46.1211,12.0427,12.7064,13.2348,2.4218,0.13794,O?,J,1.618896,c2,1.81
136,Well9,3074.4,2790.189308,117.99,35.6707,10.3603,10.5374,11.2739,2.3748,0.17283,W,J,1.214111,c3,2.12
138,Well10,2590.8,2120.94777,88.3,35.5077,1.3303,1.4816,1.7116,2.3311,0.18703,W,N,4.892822,b4,186.55
140,Well10,2884.4,2363.865004,98.67,47.9601,11.3229,11.8806,13.0851,2.3427,0.17529,W,R,0.882568,c1,0.74
143,Well10,2893.3,2371.228223,103.71,49.5206,9.1255,9.4178,9.5362,2.3128,0.20769,W,R,0.883057,c1,5.18
144,Well10,2953.6,2421.110702,100.85,50.253,16.0035,19.9561,18.4551,2.2868,0.20608,O,R,1.635498,c2,71.75
145,Well10,3026.7,2481.530509,103.67,42.8647,15.2615,19.5803,20.4559,2.2351,0.25489,O,R,1.38501,c2,53.16
146,Well10,3066.8,2514.655319,104.58,48.5013,5.8574,6.2944,6.5669,2.3333,0.18802,W,R,1.26001,c2,24.62
147,Well10,3196.4,2621.782779,107.44,47.4502,10.1957,11.4682,12.1961,2.3518,0.18421,W,R,0.881836,c2,10.25
149,Well10,3249.6,2665.711487,109.22,41.5907,12.6056,13.6355,14.2589,2.3418,0.16287,W,R,4.151611,c3,10.3
151,Well11,2498,2278.100132,100.06,38.2433,2.3112,2.4542,2.8998,2.2447,0.218122,W,I,4.49,b3,33.25
152,Well11,2547,2325.766535,101.71,39.5406,2.5004,2.6877,3.1797,2.2655,0.20662,W,I,4.76,b3,43.72
153,Well11,2587.5,2365.093238,103.71,55.1236,50.6319,48.3986,47.0857,2.2934,0.215865,O,I,1.84,b4,13.31
155,Well11,2589.5,2367.035559,105.56,55.8762,44.168,44.0414,43.7083,2.2834,0.213119,O,I,1.26,b4,45.42
157,Well11,2811,2582.098439,112.85,49.125,27.8064,27.6731,27.6111,2.3816,0.179627,O,J,1.07,c1,0.5
158,Well11,2816.2,2587.146244,113.1,35.9119,38.8706,38.9315,39.6899,2.4087,0.135995,O,J,0.58,c1,2.34
161,Well11,2869.2,2638.596565,115.02,52.5122,18.573,18.0466,17.9862,2.4127,0.175761,O,J,0.97,c2,2.07
162,Well11,2872.2,2641.510076,115.26,56.0261,19.645,19.7779,20.3346,2.3976,0.146233,O,J,0.68,c2,6.39
164,Well11,2882.2,2651.221227,115.32,65.8579,13.3289,13.4256,13.2462,2.4517,0.146822,O?,J,0.49,c2,0.35
165,Well11,2889.1,2657.921052,115.4,57.6933,12.2062,12.4402,12.9622,2.4038,0.178924,O,J,0.97,c2,12.78
167,Well11,2892,2660.736921,115,53.7441,11.4021,11.6095,12.3174,2.4502,0.111552,O?,J,0.78,c2,0.19
168,Well11,2893.5,2662.193404,114.85,49.6529,9.1629,9.4086,9.9175,2.3293,0.200905,O?,J,0.68,c2,6.7
170,Well11,2901.8,2670.252614,114.51,53.0219,15.6927,16.0206,16.4324,2.3743,0.196802,O,J,0.58,c2,15.68
171,Well11,2902,2670.446812,115.99,64.1676,12.8402,13.1487,13.5282,2.3865,0.178209,O,J,0.58,c2,22.02
173,Well11,2916.5,2684.524382,113.11,111.5466,23.9069,24.1398,24.6459,2.4841,0.217044,O,J,,c2,8.65
174,Well12,2077.5,2005.33,88.1965,53.4224,3.3316,3.5129,4.0484,2.3388,0.1978,W,I,6.7,b1,16.46
175,Well12,2209.5,2137.32,91.4437,35.9197,2.3199,2.4121,2.7146,2.2842,0.2188,W,I,5.1,b3,98.29
176,Well12,2235,2162.82,92.071,40.106,2.6648,2.8101,3.1614,2.2811,0.1983,W,I,3.2,b3,28.46
179,Well12,2279.5,2207.311242,93.1657,45.673,111.0563,101.092,94.5113,2.2703,0.1783,O,I,2.4,b4,11.5
180,Well12,2282.5,2210.310201,93.2395,55.1649,83.9257,82.6429,79.3239,2.265,0.1945,O,I,2.2,b4,14.16
181,Well12,2285.5,2213.308325,93.3133,81.2102,18.6911,19.2088,19.7101,2.3833,0.2025,O,I,0.6,b4,7.86
182,Well13,2613,2325.773461,101.3698,39.2562,2.206,2.3918,2.6528,2.2745,0.225637,W,I,8.98,b3,2.94
183,Well13,2713,2420.336843,103.8298,54.2342,28.0482,28.9421,28.8034,2.2966,0.210399,O,I,2.2,b4,5.54
185,Well13,2863,2565.958655,107.5198,48.976,66.4344,63.4704,56.781,2.3156,0.190217,O,J,1.17,c1,7.24
186,Well13,2865,2567.910785,107.569,43.0336,92.0344,92.4485,85.5005,2.2921,0.184169,O,J,1.46,c1,6.6
187,Well13,2931.8,2632.609997,109.21228,41.4428,15.2253,15.8785,15.8148,2.3784,0.171581,O,J,0.86,c1,12.83
191,Well13,2967.7,2667.009817,110.09542,43.0033,27.3731,28.1048,27.3332,2.3862,0.179745,O,J,0.48,c1,0.36
195,Well13,3022,2718.915341,111.4312,57.5308,10.4557,11.0753,11.2625,2.4648,0.157462,O?,J,0.48,c2,1.91
196,Well13,3026.5,2723.237351,111.5419,59.1963,13.9365,14.6275,14.6654,2.4157,0.168805,O?,J,0.48,c2,0.84
197,Well14,1603,1417.988331,82.94444444,46.8059,2.323,,,2.1428,0.293,W,K,4.16272,a,96
198,Well14,1623,1435.647982,84.22222222,51.7873,2.636,,,2.1691,0.309,W,K,3.922485,a,259.4
199,Well14,1706.5,1508.824184,70.27777778,47.512,2.684,,,2.2568,0.273,W,K,3.841797,b1,50.4
203,Well14,1771,1562.890654,82.16666667,45.3407,3.323,,,2.232,0.289,W,K,1.845337,b1,69.2
204,Well14,1795,1581.937337,81.83333333,42.419,16.492,,,2.1621,0.262,O,K,2.249634,b1,331.1
205,Well14,1809.3,1592.906704,80.83333333,64.5669,6.751,,,2.34,0.256,O,K,0.579834,b1,8.1
206,Well14,1840.5,1616.424586,83.55555556,33.4718,22.707,,,2.1621,0.242,O,K,5.240479,b1,1050.6
207,Well14,1847,1621.286285,83.16666667,38.8511,24.107,,,2.1282,0.272,O,K,2.843628,b1,1071.8
208,Well14,1870,1638.405411,82.72222222,43.8694,42.288,,,2.2101,0.308,O,S,2.716431,b3,168
210,Well14,1903.4,1663.043336,85.16666667,51.1147,29.259,,,2.189,0.24,O,S,6.36377,b3,24.9
211,Well14,1913.5,1670.442019,84.83333333,54.6048,20.765,,,2.2298,0.23,O,S,2.791016,b3,232.1
212,Well14,1945,1693.450712,85.27777778,53.374,12.964,,,2.2281,0.269,O,S,1.885742,b3,226.3
213,Well14,1969.9,1711.48539,85.54954,53.63,2.399,,,2.2506,0.256,W,S,3.626709,b3,112.5
214,Well14,1981,1719.483469,85.8226,73.6581,7.636,,,2.2843,0.263,O,S,1.422119,b3,92.7
215,Well14,1994,1728.811527,86.1424,49.9817,1.672,,,2.212,0.274,W,S,3.276123,b4,156.3
216,Well14,2001.5,1734.183791,86.3269,45.7511,1.879,,,2.2297,0.25,W,S,6.439697,b4,599.1
217,Well14,2018.5,1746.343214,85.94444444,60.138,2.669,,,2.2888,0.251,W,S,2.834229,b4,9.7
218,Well14,2031.5,1755.615449,87.0649,38.7454,1.496,,,2.1594,0.267,W,S,8.922729,b4,561.3
219,Well14,2052.5,1770.593674,87.5815,44.4349,2.391,,,2.239,0.257,W,S,4.668335,b4,212.8
220,Well14,2070.5,1783.418625,88.0243,52.5596,1.941,,,2.2191,0.26,W,S,11.252808,b4,227.9
221,Well14,2105,1807.765774,88.873,40.5843,2.318,,,2.2333,0.246,W,S,5.783936,b4,86.4
222,Well15,1553.5,1405.197325,84,59.1868,3.231,,,2.2386,0.30199,W,K,5.11499,a,57.7
223,Well15,1702.5,1509.322058,85.77777778,48.7704,3.84,,,2.2439,0.264014,W,K,2.946045,b1,20.5
224,Well15,1810,1580.584212,79.33333333,37.4355,2.763,,,2.2497,0.255992,W,K,7.553833,b1,33.6
225,Well15,1847,1604.953781,81.77777778,43.1637,2.7321,,,2.2588,0.229,W,K,2.303711,b1,1
226,Well15,1859.1,1612.868133,82.72222222,41.9248,2.891,,,2.2327,0.283997,W,K,5.981934,b1,154.8
227,Well15,1897,1637.101357,82.94444444,39.4673,2.525,,,2.1711,0.247,W,K,1.504639,b1,233.1
228,Well15,1909,1644.479606,83.22222222,48.5141,4.138,,,2.3679,0.195992,W,K,2.502441,b1,0.5
229,Well15,1951,1669.775431,83.77777778,36.5721,1.988,,,2.2125,0.254001,W,K,4.725708,b1,49.1
230,Well15,1974.5,1683.736765,84.22222222,29.6785,1.5581,,,2.156,0.287,W,K,7.588623,b1,1139.3
231,Well15,2002.5,1700.220444,84.72222222,45.1808,22.5322,,,2.2238,0.256011,O,S,3.744263,b3,91.2
232,Well15,2030,1715.817861,86.16666667,48.837,12.3681,,,2.267,0.222992,O,S,2.174194,b3,0.9
233,Well15,2045,1724.033296,86.5,50.4113,15.2887,,,2.2019,0.250996,O,S,2.750366,b3,20.6
234,Well15,2054.5,1729.053449,86.66666667,51.812,18.7491,,,2.2616,0.245996,O,S,5.314209,b3,128
235,Well15,2064,1734.073601,86.83333333,60.7963,11.9435,,,2.2767,0.240002,O,S,2.647827,b3,26.6
236,Well15,2074.5,1739.622192,88.1227,43.2624,8.191,,,2.3125,0.220996,O,S,2.569214,b3,0.7
237,Well15,2085,1745.170782,88.381,53.4928,3.691,,,2.3096,0.225994,W,S,2.498413,b3,2.5
238,Well15,2088.5,1747.020312,88.4671,59.5527,3.3161,,,2.2779,0.213998,W,S,0.887939,b3,104.6
239,Well15,2109.5,1758.185825,88.9837,57.2809,5.34,,,2.2892,0.185003,O?,S,1.463135,b3,4.6
240,Well15,2140.5,1774.763925,89.7463,48.2579,1.561,,,2.1849,0.269995,W,S,8.819214,b4,1501.4
241,Well15,2174,1792.827294,90.5704,38.5646,1.585,,,2.2029,0.257998,W,S,12.71936,b4,145.3
242,Well15,2188.1,1800.510357,90.91726,50.8638,2.037,,,2.2528,0.256001,W,S,2.500244,b4,7.1
243,Well15,2214,1814.706246,91.5544,49.7647,2.317,,,2.2735,0.229995,W,S,7.450317,b4,49.8
244,Well15,2236.5,1827.078284,89.22222222,41.3089,2.775,,,2.2747,0.218994,W,S,4.699097,b4,224.8
245,Well15,2250,1834.539245,88.88888889,42.8961,2.8979,,,2.2538,0.244001,W,S,4.799683,b4,30.5
247,Well16,1755,1596.064191,84.33333333,64.5896,3.9131,,,2.3559,0.242999,W,K,2.491089,b1,44.3
248,Well16,1785,1623.339563,84.66666667,45.7043,2.8619,,,2.2526,0.278,W,K,4.577515,b1,35
249,Well16,1795,1632.444385,85.22222222,45.0326,3.348,,,2.2872,0.251998,W,K,3.192993,b1,108.1
250,Well16,1845.3,1678.297669,87.16666667,45.1349,2.118,,,2.2735,0.243998,W,K,9.86438,b1,2.1
251,Well16,1922.5,1748.956127,89.38888889,39.5991,2.053,,,2.2626,0.242989,W,K,3.923096,b1,217.7
252,Well16,1955.5,1779.344758,89.50555556,45.8554,2.0651,,,2.2655,0.24799,W,K,2.250488,b3,49.5
253,Well16,1962,1785.342899,89.88888889,40.3333,2.6151,,,2.2801,0.225002,W,K,6.895996,b3,143.9
254,Well16,2004.5,1824.631828,90.5,48.4079,2.379,,,2.3298,0.229004,W,K,6.064331,b3,21.7
255,Well16,2018.5,1837.589313,90.11111111,32.4086,3.792,,,2.4292,0.132033,W,K,4.233521,b3,42.5
256,Well16,2026.5,1844.998911,91,58.5993,2.8141,,,2.3409,0.212004,W,K,4.516602,b3,2.3
257,Well16,2048.5,1865.384211,87.4831,52.7314,2.6521,,,2.3258,0.216994,W,K,5.369263,b4,4.6
258,Well16,2076,1890.897159,88.1596,43.3203,1.917,,,2.2664,0.253994,W,K,6.792114,b4,80.7
259,Well16,2081,1895.539589,88.2826,53.7121,2.326,,,2.3219,0.222999,W,K,2.122559,b4,6.7
260,Well16,2093.5,1907.145661,88.5901,43.5312,2.3511,,,2.3159,0.250001,W,K,3.537598,b4,10.4
261,Well16,2121.5,1933.190098,89.2789,46.6815,2.6778,,,2.2882,0.242994,W,K,3.265869,b4,36.9
262,Well16,2126,1937.379183,89.3896,48.3598,2.046,,,2.2697,0.234993,W,K,2.983887,b4,110.3
263,Well16,2139,1949.503488,89.7094,42.1245,2.346,,,2.3157,0.221998,W,K,5.543213,b4,7.6
264,Well16,2146,1956.03196,89.8816,42.9284,2.754,,,2.3665,0.171999,W,K,5.686279,b4,11.3
265,Well16,2157,1966.293626,90.05555556,52.7664,3.6959,,,2.322,0.212997,W,K,4.692383,b4,20.9
312,Well17,2921.7,2507.003709,108.96382,51.043,5.6362,,,2.3814,0.183708,W,G,1.92627,c3,36.2
313,Well17,2963.5,2540.126379,109.9921,54.8619,12.1064,,,2.3274,0.209597,W,G,0.965576,c3,10.4
314,Well17,2963.5,2540.126379,109.9921,54.8619,12.1064,,,2.3274,0.209597,W,G,0.965576,c3,10.4
315,Well17,2974,2548.443075,110.2504,64.3291,7.3652,,,2.4136,0.158495,W,G,1.082275,c3,2.57
322,Well17,3019.5,2583.994496,111.3697,84.4618,8.0349,,,2.3939,0.20832,O,G,0.471436,c3,3.2
323,Well17,3042,2601.314221,111.9232,45.185,9.056,,,2.4238,0.172018,O,G,3.146729,c3,12.73
328,Well17,3273.5,2768.924299,117.6181,34.9118,27.807,,,2.5346,0.218531,O,D,,c4,0.42
332,Well17,3342.2,2817.586709,119.30812,52.1059,14.0804,,,2.4623,0.158142,O,D,0.855225,c4,0.3
333,Well17,3342.2,2817.586709,119.30812,52.1059,14.0804,,,2.4623,0.158142,O,D,0.855225,c4,0.3
334,Well17,3342.2,2817.586709,119.30812,52.1059,14.0804,,,2.4623,0.158142,O,D,0.855225,c4,0.3
337,Well18,1749.11,1600.246078,80.118106,54.8251,3.101,,,2.256,0.256,O,H,,,15.05
338,Well18,1780.58,1628.34493,80.892268,49.6832,5.392,,,2.2481,0.247,O,H,2.797729,b1,207.4
341,Well18,1823.53,1665.636811,81.948838,59.1569,2.853,,,2.2343,0.281,W,D,2.505371,b3,10.73
343,Well18,1843.04,1682.463416,82.428784,46.605,41.561,,,2.1579,0.249,O,D,6.161011,b3,162.19
344,Well18,1845.57,1684.641092,82.491022,47.5032,21.514,,,2.2119,0.25,O,D,6.161011,b3,511.54
345,Well18,1848.03,1686.758516,82.551538,49.3334,23.81,,,2.2053,0.237,O,D,6.161011,b3,429.58
347,Well18,1870.05,1705.719543,83.09323,64.9159,4.27,,,2.3058,0.24,O,D,2.757568,b3,21.42
348,Well18,1897.07,1729.199396,83.757922,63.1982,2.228,,,2.3415,0.236,W,D,1.603638,b3,14.9
349,Well18,1957.44,1782.129911,85.243024,62.3368,11.674,,,2.2457,0.241,O,D,3.050903,b4,267.35
350,Well18,1959.59,1784.006658,85.295914,62.296,5.939,,,2.2337,0.268,O,D,3.050903,b4,75.83
351,Well18,1979.05,1800.880677,85.77463,63.3987,2.324,,,2.2772,0.238,W,D,3.426147,b4,102.58
352,Well18,1995.04,1814.700008,86.167984,55.1973,2.578,,,2.3445,0.236,W,D,5.248413,b4,69.72
353,Well19,1938.46,1481.306027,84.776116,43.705,4.71,,,2.28,0.23,W,K,,,28.64
354,Well19,1964.47,1494.310999,85.415962,47.121,3.54,,,2.32,0.24,W,K,7.257446,,1.89
355,Well19,1995.02,1509.614713,86.167492,45.671,3.41,,,2.29,0.26,W,K,7.041138,,16.88
357,Well19,2053.97,1539.148587,87.617662,47.422,27.21,,,2.2,0.27,O,K,7.924805,b1,46.04
358,Well19,2089.05,1556.688587,88.48063,49.872,19.19,,,2.16,0.26,O,K,6.400879,b1,174.42
359,Well19,2109.97,1567.17724,88.995262,29.733,27.6,,,2.11,0.24,O,K,6.950439,b1,385.32
360,Well19,2116.02,1570.211378,89.144092,25.775,49.87,,,2.13,0.23,O,K,6.950439,b1,791.67
361,Well19,2163.99,1594.280904,90.324154,56.414,13.72,,,2.27,0.23,O,S,4.212524,b3,4.56
362,Well19,2167.52,1596.053901,90.410992,45.944,17.47,,,2.25,0.23,O,S,4.212524,b3,13.02
363,Well19,2192,1608.349356,91.0132,48.278,27.21,,,2.17,0.26,O,S,10.476196,b3,3.97
364,Well19,2198.96,1611.845123,91.184416,50.071,32.16,,,2.13,0.27,O,S,10.476196,b3,396.19
365,Well19,2215.5,1620.123883,91.5913,52.107,12.67,,,2.2,0.26,O,S,4.275879,b3,17.12
366,Well19,2268.98,1646.823421,92.906908,44.357,35.67,,,2.14,0.28,O,S,5.31543,b3,366.94
367,Well19,2308.98,1666.850457,93.890908,39.662,20.76,,,2.11,0.26,O,S,5.929932,b4,411.11
368,Well19,2318.97,1671.868057,94.136662,46.601,10.41,,,2.11,0.27,O,S,2.36499,b4,318.43
369,Well19,2339.99,1682.425611,94.653754,38.836,31.36,,,2.15,0.29,O,S,12.675903,b4,431.3
370,Well19,2355.14,1690.034885,95.026444,37.475,39.51,,,2.11,0.28,O,S,12.675903,b4,659.44
371,Well19,2371.51,1698.25692,95.429146,42.171,26.52,,,2.16,0.26,O,S,7.72168,b4,235.38
372,Well19,2395.02,1710.425127,96.007492,42.624,3.55,,,2.16,0.28,O?,S,4.053711,b4,219.56
373,Well19,2399,1712.495704,96.1054,38.454,1.8,,,2.17,0.27,W,S,6.342041,b4,164.48
374,Well19,2404,1715.096931,96.2284,47.368,2.31,,,2.23,0.27,W,S,6.342041,b4,12.61
375,Well19,2429.01,1728.108267,96.843646,35.344,1.87,,,2.18,0.25,W,S,6.098145,b4,57.47
376,Well19,2448.04,1738.008536,97.311784,32.883,2.23,,,2.21,0.23,W,S,7.726807,b4,10.79
377,Well20,1408.5,1347.100749,72.22222222,54.7421,2.053,,,2.2218,0.307006,W,H,2.519409,a,17
378,Well20,1471,1406.685892,76.11111111,69.8018,2.958,,,2.2709,0.283,W,H,3.962036,a,32.3
379,Well20,1493,1426.862507,76.66666667,77.6578,3.371,,,2.2909,0.256005,W,H,2.889648,a,8.9
380,Well20,1584,1503.368921,77.77777778,50.9904,3.699,,,2.2329,0.265005,W,H,1.422607,a,38.8
381,Well20,1613,1525.280254,78.88888889,54.637,4.011,,,2.2793,0.259004,W,H,3.356689,a,7
382,Well20,1683,1573.339021,80,55.2164,3.656,,,2.2748,0.263,W,H,3.854004,a,8.6
383,Well20,1698,1582.834282,80,52.0646,4.049,,,2.2864,0.278998,W,H,3.364624,a,13.2
384,Well20,1736,1605.795012,81.11111111,57.106,7.1397,,,2.3124,0.263998,O,H,0.608765,b1,45.6
385,Well20,1777,1628.052212,82.78,54.8705,3.609,,,2.4004,0.208002,W,H,1.580078,b1,60.1
388,Well20,1790,1634.796263,82.22222222,59.1441,3.244,,,2.3173,0.218008,W,H,2.768555,b1,6.8
389,Well20,1850,1665.619247,83.33333333,39.2626,2.486,,,2.2206,0.234,W,H,4.539673,b1,101.1
390,Well20,1872,1676.675773,83.33333333,56.4851,3.118,,,2.259,0.271009,W,H,10.05603,b1,8.8
391,Well20,1905,1693.281707,86.11111111,42.8893,2.346,,,2.2075,0.303998,W,H,2.631714,b1,16.1
392,Well20,1923,1702.578922,86.66666667,52.1659,2.954,,,2.2577,0.225003,W,H,3.094116,b1,2.8
393,Well20,1932,1707.2946,87.22222222,56.3232,3.034,,,2.2728,0.246007,W,H,3.785522,b1,49.8
394,Well20,1939.5,1711.224332,87.22222222,46.5141,3.5881,,,2.3253,0.124011,W,H,0.817749,b1,13
395,Well20,1953,1718.449685,87.77777778,40.6738,2.028,,,2.2168,0.251997,W,H,4.575317,b1,91.4
396,Well20,2018,1753.871387,87.77777778,45.71,2.036,,,2.251,0.255996,W,K,4.610107,b3,173.2
398,Well20,2046.5,1769.854166,88.33,66.1945,3.5761,,,2.3071,0.238002,W,K,1.024048,b3,41.2
399,Well20,2059,1776.840368,88.88888889,48.8262,3.51,,,2.3505,0.228013,W,K,2.036865,b3,4.3
400,Well20,2076,1786.272702,88.88888889,64.1336,2.583,,,2.3434,0.156995,W,K,1.937866,b3,69.1
401,Well20,2110,1805.299941,89.44444444,63.2132,3.0181,,,2.2922,0.214006,W,K,3.744141,b3,8.1
402,Well20,2146,1826.483187,88.88888889,58.2811,2.379,,,2.297,0.250004,W,K,3.02124,b4,5.7
403,Well20,2171,1841.449737,88.88888889,62.8514,1.762,,,2.241,0.283002,W,K,4.547852,b4,136.6
405,Well20,2179,1846.197066,89.44,47.0927,2.109,,,2.2381,0.242993,W,K,1.086426,b4,100.8
406,Well20,2200,1858.623577,89.44444444,53.3972,2.195,,,2.2912,0.255004,W,K,4.754028,b4,8.5
409,Well20,2252,1888.930235,90,48.2169,2.407,,,2.2451,0.255999,W,K,1.931885,b4,78.5
410,Well20,2269,1898.632284,90,49.5852,3.606,,,2.2506,0.272998,O?,K,3.815796,b4,173.2
411,Well20,2272.5,1900.629764,90,43.0852,3.81,,,2.3028,0.218998,O?,K,3.815796,b4,433
412,Well20,2276.5,1902.912599,89.44444444,39.9587,2.4269,,,2.253,0.241001,W,K,3.451294,b4,16.9
413,Well20,2298,1915.067164,88.33333333,61.5378,11.005,,,2.2198,0.259988,O,K,0.773682,b4,24.6
415,Well21,2250.5,1837.992969,89.1,105.393,3.41,3.53,3.85,2.514,0.251,W,I,3.46936,b3,0.68
416,Well21,2268,1853.512843,84.2,75.543,5.61,5.814,6.196,2.513,0.162,W,I,1.551514,b3,1.44
417,Well21,2290,1872.695524,85.2,117.219,2.424,2.455,2.554,2.51,0.326,W,I,1.990723,b3,3.28
419,Well21,2332,1908.303056,86.6,132.068,3.117,3.103,3.194,2.542,0.289,O,I,0.6203615,b3,0.6
423,Well21,2376.5,1944.145317,87.9,84.835,9.243,9.263,8.885,2.392,0.214,O,I,5.112793,b4,72.54
427,Well21,2432,1985.873915,88.5,84.888,7.476,7.261,7.148,2.508,0.163,O,I,6.9104,b4,168.97
428,Well21,2447.5,1996.925655,88.6,45.405,27.514,33.592,45.262,2.203,0.229,O,I,7.369751,b4,148.6
433,Well21,2702.8,2166.537024,98.2,,,,,,,O,I,2.875977,c1,9.91
434,Well21,2703.57,2167.030269,97.4,,,,,,,O,I,2.875977,c1,12.01
436,Well21,2714.5,2174.034292,98.5,,,,,,,O,I,3.775146,c1,0.46
437,Well21,2717,2175.636749,98.7,,,,,,,O,I,3.775146,c1,78.26
438,Well21,2760.5,2203.670353,99,,,,,,,O,I,1.169678,c2,58.39
439,Well21,2769.5,2209.525423,99.4,,,,,,,O,I,1.30542,c2,21.46
440,Well21,2772,2211.167374,99.7,,,,,,,O?,I,1.111084,c2,106
441,Well21,2779.8,2216.290262,100.1,,,,,,,W,I,1.115723,c2,63.89
442,Well21,2790.5,2223.317814,100.4,,,,,,,O,I,1.122559,c2,123.09
443,Well21,2798.2,2228.376613,101,,,,,,,O?,I,0.462891,c2,44.2
450,Well21,3013.2,2368.157846,108.3,,,,,,,O,I,,c2,0.53
451,Well21,3030,2378.995573,108.5,,,,,,,O,I,,c2,0.46
452,Well21,3076.5,2408.9874,108.8,,,,,,,O,I,,c2,41.7
454,Well21,3109.4,2430.207305,110.4,,,,,,,O,I,,c2,87.42
457,Well21,3147.49,2454.707104,110.7,,,,,,,O,I,,c2,0.11
458,Well21,3149.5,2456.002607,110.8,,,,,,,O,I,,c2,0.62
459,Well22,2429.31,1915.377144,87.5,53.366,29.925,31.854,36.131,2.249,0.216,O,I,2.313599,b4,37.16
461,Well22,2523.2,1978.016081,91.7,42.195,38.033,48.17,62.158,2.202,0.211,O,I,2.889893,b4,216.88
464,Well22,2783.5,2153.125426,98.1,39.229,23.786,30.645,54.389,2.275,0.199,O,I,2.01001,c1,33.35
466,Well22,2834.49,2187.276174,101.53,39.876,18.765,24.832,37.561,2.325,0.195,O,I,1.662598,c2,1.15
467,Well22,2841.11,2191.685295,101.7,42.927,8.527,8.594,9.49,2.256,0.253,O?,I,1.589111,c2,81.13
475,Well22,2947.2,2262.002207,104.8,46.105,13.921,20.177,36.134,2.169,0.252,O,I,1.650879,c2,1.79
477,Well22,3096,2359.028755,108.8,39.513,8.253,9.414,11.661,2.278,0.189,W,I,1.359375,c2,11.15
478,Well22,3131.01,2381.637602,110,38.588,7.15,7.269,7.912,2.236,0.21,W,I,1.287598,c2,0.68
486,Well22,3336.5,2518.534285,114.3,38.912,21.298,28.51,46.052,2.357,0.173,O,I,1.999512,c3,1.86
491,Well23,2128,1667.038094,82.4,28.077,121.552,119.457,117.215,2.107,0.261,O,D,8.210327,b3,282.55
492,Well23,2159.2,1686.594997,84,46.193,9.389,9.561,10.181,2.238,0.251,O,D,3.885864,b3,27.09
493,Well23,2174.3,1696.070061,84.7,56.74,8.014,8.106,8.394,2.3,0.229,O,D,4.269043,b3,27.79
494,Well23,2198,1710.996864,85.4,46.606,16.558,16.82,18.475,2.24,0.251,O,D,4.353516,b3,116.23
495,Well23,2239.3,1737.135623,87,38.064,16.636,16.794,17.4,2.263,0.25,O,D,3.481323,b4,182.28
496,Well23,2248.4,1742.908913,87.2,54.922,12.93,13.318,14.84,2.297,0.259,O,D,3.420288,b4,11.69
497,Well23,2263,1752.176953,87.2,50.112,44.118,42.733,42.11,2.176,0.273,O,D,6.036133,b4,348.27
500,Well23,2324,1791.306366,87.9,42.48,2.286,2.409,2.754,2.211,0.268,W,D,17.723145,b4,2.87
506,Well23,2739,2076.841113,97.8,49.886,5.818,6.001,6.536,2.301,0.225,W,G,0.987549,c2,17.53
508,Well24,2434.8,2063.277959,91.6,43.84,4.48,4.517,0.0347,2.392,0.187,W,K,4.778076,b3,18.05
510,Well24,2617.2,2183.611208,97.7,48.237,66.538,66.204,0.0589,2.286,0.187,G,K,2.113281,c1,25.78
511,Well24,2618.4,2184.429995,105.7,38.738,47.223,47.293,,2.262,0.225,G,K,2.113281,c1,16.04
512,Well24,2637.5,2197.462364,98.4,42.298,39.75,40.1,,2.35,0.174,G,K,1.706543,c1,3.46
513,Well24,2640.5,2199.509333,99.3,58.239,29.054,29.261,0.2407,2.357,0.164,G,K,1.433838,c1,49.21
515,Well24,2729.4,2261.32656,101.4,44.451,34.66,34.802,0.0255,2.413,0.173,O,K,2.4729,c2,76.58
517,Well24,2739.5,2268.444092,102.2,51.817,25.212,25.293,0.1547,2.384,0.212,O,K,0.775879,c2,0.38
518,Well24,2746,2273.022215,102.6,47.43,23.276,23.392,0.0777,2.286,0.226,O,K,1.056396,c2,0.45
520,Well24,2801.6,2312.150333,103.7,55.075,7.191,7.232,0.2118,2.372,0.184,W,K,1.056641,c2,14.35
521,Well24,2818.8,2324.267246,103.9,41.93,8.453,8.521,,2.344,0.181,W,K,1.197998,c2,30.11
523,Well24,2871.5,2361.501452,105.6,44.48,44.56,44.756,0.026,2.403,0.151,O,K,0.778076,c2,18.53
525,Well24,2898.5,2380.61344,106.4,44.357,51.691,51.524,0.0238,2.287,0.204,O,K,3.329102,c2,19.36
527,Well24,2939,2409.299056,107.6,36.818,70.971,71.48,,2.309,0.214,O?,K,1.416504,c2,14.28
530,Well24,3119.5,2538.081091,111,38.447,131.392,131.572,,2.34,0.178,G,K,0.871582,c2,15.49
532,Well25,1812.5,1694.860486,78.5,,,,,,,O,K,6.154419,a,11.52
533,Well25,1867,1738.131945,82.2,,,,,,,O,K,4.442627,a,3.16
535,Well25,1890.5,1755.89345,83,,,,,,,W,K,1.48584,a,55.06
536,Well25,1912,1771.425221,83.5,,,,,,,O,D,2.700806,b3,21.01
537,Well25,1992,1824.98841,84.2,,,,,,,O,D,1.699707,b4,0.84
538,Well25,2004,1832.835001,84.5,,,,,,,O,D,2.740723,b4,210.33
541,Well26,2796.7,2275.10151,94.77,51.1415,24.4559,28.2812,28.8521,2.4079,0.20618,O,K,1.067383,c1,33.89
543,Well26,2803.7,2280.002706,97.83,44.1202,38.269,44.2848,44.3994,2.3406,0.19862,O,K,2.675049,c1,2.88
545,Well26,2879.5,2333.988647,96.39,51.6794,8.9572,10.1397,11.5499,2.3668,0.21095,O?,K,0.758789,c2,6.32
547,Well26,2887.2,2339.46519,100.18,76.349,6.8374,7.3358,8.0823,2.4028,0.25648,W,K,0.541748,c2,15.98
553,Well26,2919.2,2362.044873,104.78,55.2848,18.5826,22.8133,22.824,2.2768,0.24276,O,K,1.172607,c2,88.22
554,Well26,2925.8,2366.685174,104.94,56.0439,18.4524,26.1961,26.5501,2.3177,0.20582,O,K,1.060791,c2,27.37
555,Well26,2935,2373.084131,105.1,58.0998,15.366,19.4311,21.2419,2.3355,0.19997,O,K,0.63623,c2,37.86
559,Well26,3051.2,2452.986503,107.28,48.7383,29.9443,38.4504,36.1245,2.3263,0.23883,O,K,0.935303,c2,4.15
561,Well26,3090,2478.987028,109.34,49.2446,35.9595,39.1529,36.9909,2.3318,0.19919,O,K,0.707031,c2,29.07
562,Well26,3105.8,2489.479356,109.75,44.4685,26.1963,44.5998,36.5622,2.2752,0.15432,O,K,0.910156,c2,34.97
566,Well27,2908,2367.916668,107.99,35.0543,40.2663,59.1307,83.5056,2.249,0.15741,G,K,2.504395,f,263.89
567,Well27,2909.3,2368.808001,108.45,38.1946,35.658,65.55,60.6713,2.2191,0.12258,G,K,2.504395,f,53.21
568,Well27,2978,2416.329941,110.9,40.7142,33.8577,44.5536,39.3475,2.377,0.17021,O,K,0.957031,c2,159
571,Well27,3033.8,2455.43623,112.73,42.449,136.5732,145.1573,82.075,2.4008,0.18142,O,K,2.033447,c2,1.3
577,Well27,3220,2588.466807,113.6,39.5538,21.0396,32.254,44.2017,2.2957,0.18189,O,K,1.998047,c2,13.82
579,Well27,3313.7,2658.416762,117.59,41.7642,9.931,12.3797,11.403,2.4135,0.14318,O,K,0.815918,c2,3.77
580,Well27,3327.3,2668.825202,118.26,52.5817,10.7986,12.5654,14.1955,2.4895,0.17268,O,K,0.468262,c2,0.62
586,Well28,2638.2,1944.668084,90.28,,,,,,,O,I,3.763428,b3,3799.2
587,Well28,2670.3,1967.107689,90.54,,,,,,,O,I,2.95752,b4,12.1
588,Well28,2685.5,1977.618588,90.64,,,,,,,O,I,2.734497,b4,501.87
589,Well28,2696.5,1985.205105,91.01,,,,,,,O,I,2.203857,b4,54.64
590,Well28,2704.6,1990.78542,91.19,,,,,,,O,I,2.200684,b4,74.64
591,Well28,2713.5,1996.889765,91.45,,,,,,,O,I,2.824341,b4,1247.83
592,Well28,2723,2003.405639,86.39,,,,,,,O,I,9.394165,b4,99.46
593,Well28,2727.5,2006.492106,87.88,,,,,,,O,I,9.394165,b4,42.02
594,Well28,2731,2008.892691,88.9,,,,,,,O,I,9.394165,b4,120.52
595,Well28,2743,2017.074911,89.44,,,,,,,O,I,1.559448,b4,340.86
596,Well28,2746.5,2019.460571,89.8,,,,,,,O,I,2.181152,b4,222.74
597,Well28,2750.5,2022.187039,90.25,,,,,,,O,I,2.178711,b4,855.66
598,Well28,2758.5,2027.639976,90.61,,,,,,,O,I,4.558716,b4,204.67
599,Well28,2764.7,2031.85103,92.44,,,,,,,O,I,1.345093,b4,159.36
600,Well28,2773.5,2037.818834,90.81,,,,,,,O,I,4.961548,b4,1618.99
601,Well28,2789,2048.330377,92.12,,,,,,,O,I,4.645508,b4,799.13
602,Well28,2796,2053.090047,92.13,,,,,,,O,I,2.792236,b4,175.05
605,Well29,2580.5,2055.931616,90.43,44.1468,10.626,12.9112,15.3457,2.2031,0.24244,O,I,2.710693,b3,11.35
607,Well29,2595.6,2067.613274,95.17,44.4086,6.0634,6.0096,6.3866,2.3311,0.20243,W,I,1.178955,b3,25.85
608,Well29,2625.7,2090.868154,95.49,48.5693,4.6498,4.8059,5.9336,2.3259,0.20096,W,I,7.054443,b4,59.12
609,Well29,2647.3,2107.508726,96.03,44.6181,3.845,3.8105,4.4649,2.2977,0.22905,W,I,5.861328,b4,78.63
612,Well29,2733.1,2173.275938,97.15,37.9186,2.8153,2.7129,3.1229,2.2461,0.23345,W,I,6.528809,b4,148.15
614,Well29,2789.2,2216.201273,97.7,33.4961,3.1579,2.9898,3.304,2.2795,0.19502,W,I,15.504639,b4,696.25
615,Well29,2813.4,2234.681211,97.86,43.9899,4.5565,4.2816,4.6798,2.3343,0.21899,W,I,3.137695,b4,54.36
617,Well29,2830,2247.327538,97.81,33.6269,4.4953,4.1117,4.3364,2.3181,0.19357,W,I,5.685547,b4,87.31
620,Well29,2869.9,2277.651653,96.21,55.5563,23.3588,25.7367,27.4253,2.3162,0.21514,O,I,4.96875,b4,8.74
623,Well30,1813.2,1711.854397,76.76,63.0547,3.1203,3.1052,3.4113,2.345,0.25064,W,D,1.960693,b3,43.09
624,Well30,1819.6,1717.737303,85.55,45.7401,2.7844,2.9333,3.3093,2.3043,0.27139,W,D,0.840698,b3,38.85
625,Well30,1835.1,1731.991264,78.31,47.1599,12.7838,12.7215,13.676,2.1992,0.29544,O,D,4.207397,b3,822.07
627,Well30,1881.3,1774.527773,81.44,53.0548,2.2504,2.3303,2.7506,2.2517,0.28227,W,D,4.209839,b4,51.09
628,Well30,1890.3,1782.815916,82.32,51.8203,2.3027,2.4379,2.874,2.2575,0.25014,W,D,1.824219,b4,209.48
631,Well30,1917.6,1807.962134,84.28,49.1352,2.7825,2.9797,3.4854,2.2632,0.27524,W,D,2.668091,b4,186.39
633,Well30,1958.4,1845.602751,84.66,55.802,1.5912,1.6686,2.0613,2.2405,0.27732,W,D,5.206543,b4,495.32
634,Well30,1962,1848.927156,84.88,51.2646,1.7478,1.8178,2.0236,2.2476,0.24483,W,D,5.911865,b4,256.19
635,Well30,1976.4,1862.227482,85.17,51.0487,1.8785,1.9259,2.2318,2.2632,0.24854,W,D,6.055664,b4,812.71
636,Well30,1985,1870.179149,85.52,50.1845,1.5871,1.6028,1.86,2.2342,0.25407,W,D,7.045166,b4,904.99
637,Well30,1995.7,1880.072502,86.13,43.919,1.8044,1.8606,1.9973,2.26,0.288,W,D,1.409668,b4,289.87
639,Well30,2017,1899.771044,86.44,46.0178,4.3148,4.4352,4.8654,2.2836,0.23816,W,D,10.711426,b4,68.22
640,Well30,2024.4,1906.615389,86.58,49.9067,1.9431,1.9627,2.2841,2.2679,0.23763,W,D,10.711426,b4,309.91
642,Well31,1863.8,1704.509637,81.86,45.0321,3.0768,3.2736,3.871,2.2882,0.24153,W,D,5.177612,b3,36.82
643,Well31,1873,1712.959661,81.94,50.0391,2.8393,2.9523,3.2448,2.309,0.23579,W,D,2.379517,b3,169.82
644,Well31,1891.5,1729.954621,82.04,40.8405,3.5772,3.8371,4.9064,2.2305,0.23419,O?,D,5.741577,b3,277.95
645,Well31,1895,1733.172675,82.18,32.0786,2.6248,2.7284,3.2002,2.2031,0.25795,W,D,2.521118,b3,1148.9
647,Well31,1946.8,1780.824742,83.31,45.9347,2.4007,2.4303,2.9906,2.27,0.25164,W,D,6.453003,b4,96.07
649,Well31,1977.5,1809.093207,83.74,45.1196,2.9089,3.0077,3.5449,2.2666,0.24509,W,D,2.94812,b4,315.57
652,Well31,2022.4,1850.497452,85.26,55.104,1.9976,2.0974,2.4648,2.2688,0.25142,W,D,5.483887,b4,70.23
653,Well31,2028.7,1856.310079,85.56,43.3148,1.8407,1.883,2.2192,2.2634,0.26692,W,D,3.515381,b4,281.32
654,Well31,2048.5,1874.593883,85.74,37.0271,1.4837,1.5689,1.966,2.204,0.28061,W,D,3.659912,b4,826.52
656,Well31,2075,1899.097678,86.71,39.6178,1.9011,2.0179,2.4007,2.2779,0.2375,W,D,7.192505,b4,1175.28
658,Well31,2093.1,1915.856328,87.06,44.2752,1.4411,1.4961,1.8635,2.2471,0.25956,W,D,4.662109,b4,1092.82
659,Well31,2099.6,1921.88387,87.21,54.2593,1.8993,1.9585,2.1582,2.2688,0.26463,W,D,0.706543,b4,1307.24
661,Well32,1830.5,1599.91787,77.09,39.2306,2.6082,2.8269,3.7269,2.2026,0.26021,W,K,4.160767,b1,320.83
663,Well32,1861.5,1621.133277,79.21,45.9307,2.376,2.6156,3.6766,2.2057,0.2449,W,K,5.440674,b1,245.44
664,Well32,1909.3,1653.856192,80.84,57.027,22.7073,25.46,33.0347,2.2415,0.26854,O,S,4.050049,b3,429.6
667,Well32,1965.7,1692.285655,73.45,50.5388,21.4226,25.5913,33.3834,2.1852,0.25167,O,S,5.73877,b3,432.78
668,Well32,1984.8,1705.393452,83.97,56.9666,6.1733,6.4866,8.0853,2.2951,0.2403,W,S,3.261597,b3,82.52
671,Well32,2080,1770.909459,85.71,44.5664,1.4828,1.6054,2.3487,2.2028,0.26341,W,S,7.095337,b4,1020.31
673,Well32,2135.2,1808.956176,86.79,42.0503,2.1185,2.1609,2.435,2.1979,0.26743,W,S,2.314941,b4,2248.83
674,Well32,2404.8,1998.511502,90.6,50.8732,36.1482,35.9459,33.7798,2.3022,0.16172,O,G,0.654785,f,254.14
675,Well32,2411.9,2003.588201,92.27,54.0866,16.1675,19.6867,21.8703,2.4544,0.1338,O,G,0.657471,f,4.09
676,Well32,2421,2010.137988,92.94,58.6645,15.1844,19.2781,20.8144,2.337,0.17137,O,G,0.77063,f,39.37
677,Well32,2424,2012.313956,93.41,57.5733,23.8964,25.2546,31.7778,2.314,0.18031,O?,G,1.653564,f,38.26
678,Well32,2425,2013.039278,93.89,55.3602,45.9197,48.3688,53.4529,2.21,0.13508,O?,G,1.653564,f,244.65
679,Well32,2426.9,2014.417391,94.42,72.1559,15.7274,16.6716,17.0179,2.3085,0.23071,O,G,0.551758,f,37.56
680,Well32,2435.8,2020.872763,95.06,66.3353,11.5016,13.4265,14.5506,2.3762,0.20167,O,G,0.775269,f,0.7
683,Well32,2498.9,2066.912318,96.59,63.3641,8.9653,11.1815,12.7989,2.437,0.15396,O,G,0.993652,c2,8.63
684,Well32,2504.1,2070.692794,96.9,80.4936,11.8859,11.5883,11.2477,2.4858,0.1827,O,G,1.43042,c2,1.27
685,Well32,2509.5,2074.538587,97.08,59.9684,32.9252,33.1732,35.7164,2.2694,0.16982,O,G,1.97168,c2,51.06
689,Well32,2575.2,2120.395151,98.61,57.3311,21.0926,26.2469,27.6237,2.3833,0.18447,O,G,0.623779,c2,203.29
690,Well32,2595.2,2133.9117,98.94,50.1458,35.8079,36.0238,45.0589,2.3212,0.22629,O,G,0.918457,c2,8.6
691,Well32,2615.5,2147.259009,100.17,52.7833,23.0441,31.3696,32.3595,2.2692,0.24616,O,G,0.686035,c2,7.54
692,Well32,2623,2152.147354,100.46,66.8506,31.0529,32.6912,31.4913,2.3131,0.2305,O,G,1.269043,c2,12.18
693,Well32,2642.7,2164.881077,100.55,44.3549,44.5362,57.9628,41.5852,2.3255,0.19493,O,G,1.686768,c2,37.7
694,Well32,2656.1,2173.643039,101.03,63.6675,16.4264,18.7181,20.9595,2.4138,0.17529,O,G,0.801514,c2,8.39
695,Well32,2661.8,2177.403248,92.79,51.9948,41.9926,48.9784,55.9354,2.3437,0.19325,O,G,2.713135,c2,35.04
696,Well32,2666,2180.173928,101.11,45.1428,18.3726,22.2532,29.9384,2.3256,0.19099,O,G,1.00708,c2,177.63
697,Well32,2672,2184.132043,101.77,51.358,10.8164,12.2658,15.7943,2.3703,0.19257,O,G,1.313965,c2,15.34
699,Well32,2695.5,2199.82461,102.17,55.9965,11.9659,13.3423,17.5414,2.3579,0.19644,O,G,1.125488,c2,5.45
700,Well32,2712.8,2211.476652,102.3,56.0573,6.6699,7.2276,9.1305,2.3523,0.20421,W,G,1.237793,c2,25.94
701,Well32,2714.5,2212.630924,102.39,62.3332,7.2873,8.4754,11.0169,2.4174,0.19745,W,G,0.928955,c2,31.13
703,Well32,2874,2323.073152,108.31,42.4139,34.5687,53.5422,64.7208,2.3202,0.17731,O,G,0.951416,c3,25.64
704,Well32,2891.8,2335.461169,108.51,47.4772,47.7725,38.2552,65.874,2.3532,0.19401,O,G,0.852051,c3,4.93
705,Well32,2899.4,2340.774421,108.76,55.3596,42.4284,40.6383,37.7178,2.3508,0.194,O,G,2.347412,c3,18.76
706,Well32,2901.5,2342.242557,108.96,42.596,201.3362,192.6636,78.6259,2.3121,0.18065,O,G,2.347412,c3,33.55
707,Well32,2921.2,2355.995315,109.95,48.2351,51.2169,57.9184,65.4493,2.3006,0.1928,O,G,0.957275,c3,120.08
710,Well32,2937.5,2367.368616,110.53,42.4141,43.2067,72.9542,87.5158,2.2972,0.17916,O,G,2.223389,c3,59.39
711,Well32,2940.2,2369.263386,110.67,43.7482,93.9551,90.7171,70.584,2.366,0.18072,O,G,0.63623,c3,41.24
713,Well32,2981.3,2398.369408,112.05,54.8136,31.5958,30.1147,60.0868,2.3624,0.16966,O,G,1.206299,c3,3.49
715,Well32,2996.9,2409.631328,112.76,65.0306,30.3776,37.8437,26.1978,2.3704,0.19825,O,G,1.001221,c3,16.7
716,Well33,1839.6,1587.977174,67.18,50.8403,2.6876,2.9721,3.2144,2.2646,0.2638,W,S,1.314697,b1,113.93
717,Well33,1865.5,1608.289739,77.01,52.3648,2.5594,2.7086,3.1718,2.3013,0.28105,W,S,3.228638,b1,119.38
718,Well33,1876.5,1616.925405,77.61,45.7375,10.3677,10.5871,10.1123,2.2295,0.26899,O,S,2.632202,b1,124.5
721,Well33,1936,1663.821007,80.22,53.734,2.2664,2.3427,2.5588,2.2579,0.26978,W,S,5.312988,b1,324.33
725,Well33,2000.1,1714.730824,81.73,55.7565,6.1043,6.0425,5.7511,2.331,0.23586,O?,S,1.69812,b3,145.57
726,Well33,2043.6,1749.370945,82.6,58.121,2.6707,2.8235,3.2105,2.2573,0.27935,W,S,6.194214,b3,288.32
727,Well33,2068,1768.844814,82.85,58.7431,2.3788,2.4519,2.7334,2.2672,0.27791,W,S,1.827515,b4,166.96
728,Well33,2076,1775.245735,83.11,54.2006,2.4379,2.4877,2.8858,2.2621,0.26079,W,S,4.755127,b4,50.45
730,Well33,2098.5,1793.26238,83.9,46.0485,1.648,1.6662,1.9252,2.2238,0.25076,W,S,8.1875,b4,200.75
739,Well34,2265.6,1888.395244,85.46,50.4211,4.8255,5.4466,6.1325,2.4283,0.17415,W,P,2.320435,b4,0.24
741,Well34,2291.7,1913.226396,86.28,55.6017,22.1785,24.6363,25.2104,2.3695,0.18634,O,P,2.029419,b4,30.8
747,Well35,2444.5,2049.049117,87.31,60.1405,23.9441,29.0904,22.5302,2.3561,0.22118,O,I,0.424316,c2,7.7
748,Well35,2476.3,2071.157285,95.15,64.4993,19.061,19.5655,17.7602,2.4195,0.22732,O,I,0.42334,c2,3.32
750,Well35,2503.2,2089.82163,97.12,50.0962,16.8482,18.8253,17.9134,2.3068,0.22348,O,I,1.267578,c2,1.1
751,Well35,2708.8,2232.099622,110.07,35.6296,27.48,32.0986,28.4434,2.223,0.23592,O,I,1.369873,c2,143.97
754,Well35,2950,2401.56053,106.53,55.7498,12.4065,14.9353,15.0147,2.4216,0.18379,O?,I,1.952393,c3,3.22
756,Well35,2950.6,2401.987194,107.88,50.6645,15.1808,17.9543,15.7558,2.421,0.18297,O?,I,1.952393,c3,2.19
757,Well35,2951.4,2402.556081,108.6,42.3256,11.9099,14.2933,13.7785,2.4058,0.17791,O?,I,1.952393,c3,2.67
759,Well35,2988.1,2428.731255,110.47,46.6215,40.0543,44.7584,33.5995,2.4227,0.18842,O,I,3.375,c3,13.45
766,Well36,1761.2,1636.787194,70.47,32.9786,2.1416,2.5001,3.841,2.2075,0.24657,W,K,8.618896,b1,160.23
767,Well36,1835.1,1700.972648,79.34,48.8518,26.2253,25.2049,24.85,2.2188,0.28752,O,S,6.108154,b3,105.43
769,Well36,1959.2,1797.270197,86.57,58.7085,2.1016,2.395,3.4275,2.2316,0.25976,W,S,5.303101,b4,131.68
770,Well36,1979.1,1811.402111,87.02,40.8012,1.9166,2.1179,2.6604,2.1942,0.27876,W,S,7.406738,b4,175.52
771,Well36,2042.7,1855.431554,87.98,34.1824,2.4696,2.3963,2.5006,2.2364,0.22755,W,S,10.692505,b4,114.17
773,Well36,2186.3,1951.939692,91.74,55.1564,15.8029,15.1383,14.348,2.2647,0.23077,O,G,1.610718,c1,348.34
776,Well36,2262.6,2002.256398,95.36,48.9672,20.0599,27.4391,29.8596,2.1275,0.24154,O,G,1.123413,c2,1211.16
778,Well36,2280.8,2014.446301,97.04,51.2594,13.2564,15.9363,19.2466,2.3579,0.20677,O,G,0.924194,c2,21.79
781,Well36,2336.8,2051.522425,97.37,42.3773,5.689,6.4817,7.7343,2.2255,0.2438,W,G,1.87915,c2,327.84
783,Well36,2355,2063.450541,97.63,41.002,8.4542,9.2797,10.5056,2.2999,0.22003,O,G,2.909912,c2,98.02
784,Well36,2356.9,2064.695784,97.73,41.6896,11.3899,11.4925,12.135,2.2432,0.20379,O,G,2.909912,c2,455.08
788,Well36,2494.8,2156.835981,100.07,38.5957,6.9249,7.3296,8.5248,2.2701,0.22389,W,G,1.143799,c2,26.41
793,Well36,2606.7,2233.080134,103.14,38.1085,6.0182,6.644,8.5761,2.3053,0.20205,W,G,2.601074,c2,17.34
795,Well36,2767.1,2342.326426,106.85,42.12,26.8636,29.6324,25.5269,2.3614,0.18005,O,G,0.846436,c3,46.55
796,Well36,2787.3,2356.354519,108.06,49.8851,24.8267,19.9925,18.5042,2.4315,0.17338,O,G,1.27002,c3,3.1
797,Well36,2801.8,2366.423699,109.39,40.6872,55.7325,57.8296,40.2099,2.3514,0.17589,O,G,0.634766,c3,15.03
798,Well36,2827.2,2384.054606,109.96,41.8332,81.553,73.9495,51.8297,2.3244,0.17088,O,G,0.634521,c3,22.65
799,Well36,2858.7,2405.906734,110.35,38.8821,37.1585,43.256,36.3156,2.3446,0.17212,O,G,0.845215,c3,28.09
801,Well36,2910.3,2441.088723,112.01,43.2944,17.4915,19.5033,19.4467,2.4042,0.15492,O,G,0.732422,c3,1.68
802,Well36,2959.8,2474.678046,115.34,36.905,28.1422,34.4339,28.1851,2.3475,0.14844,O,G,1.022217,c3,114.12
803,Well36,3007.9,2507.328175,115.88,32.836,14.3939,15.0559,15.7275,2.3716,0.16109,O,G,2.528809,c3,30.76
805,Well36,3064.2,2547.403694,116.87,43.0938,11.7578,13.4852,16.6544,2.2619,0.20541,O,G,2.207275,c3,13.53
806,Well36,3067.2,2549.570785,117.52,40.6296,10.3546,11.6425,15.3481,2.3917,0.16422,O,G,2.864502,c3,1.41
807,Well36,3069.1,2550.943276,117.78,33.6956,11.3575,13.05,15.8661,2.3842,0.15568,O,G,2.864502,c3,36.96
808,Well36,3092.7,2568.102086,118.49,40.5148,14.5096,15.7519,17.0658,2.436,0.14377,O,G,0.665771,c3,7.48
811,Well36,3184.9,2639.807138,121.1,25.9019,15.2442,16.8009,18.7217,2.4111,0.1119,O?,D,0.623535,c4,2.78
814,Well37,2413,2138.719618,100.56,45.243,44.21,44.471,44.3908,2.5171,0.127629,O,I,0.866333,c2,2.23
818,Well37,2483,2206.112876,103.01,62.0301,34.4779,34.5484,35.666,2.3556,0.188162,O,I,0.962646,c2,78.53
822,Well37,2597.4,2316.345067,106.73,39.6696,9.8034,10.0288,10.6239,2.3411,0.178195,O,I,1.542725,c2,9.97
823,Well37,2630.4,2348.163509,106.81,44.8611,11.016,11.2759,11.893,2.2905,0.20369,O,N,3.473877,c3,79.42
831,Well37,2797.6,2509.252948,111.81,62.4221,45.0789,45.0035,44.9957,2.4798,0.15105,O,N,0.385498,c4,0.23
832,Well37,2802.2,2513.684366,111.05,65.7061,20.2369,19.6798,19.2255,2.5148,0.18548,O,N,0.096191,c4,0.43
834,Well38,2280,2048.635917,96.34,49.1298,10.9636,,,2.3972,0.199187,O,D,0.981567,f,8.16
835,Well38,2284.5,2052.6219,95.4,46.5326,9.6853,,,2.4208,0.155215,O,D,1.780029,f,2.72
836,Well38,2292.8,2059.973824,95.17,71.0193,12.7295,,,2.3864,0.202473,O,D,0.177002,f,7.46
837,Well38,2352.2,2111.400536,98.05,35.3387,4.3315,,,2.212,0.217706,W,D,3.632568,f,185.47
838,Well38,2393.7,2145.76023,99.66,48.1467,17.9155,,,2.3222,0.193281,O,D,0.811523,f,10.77
840,Well38,2634,2316.467513,104.57,43.6266,7.5548,,,2.3504,0.184733,O?,D,4.143555,f,12.85
841,Well38,2634,2316.467513,104.32,43.6266,7.5548,,,2.3504,0.184733,O?,D,4.143555,f,12.85
842,Well39,1199.99,1138.769272,66.609754,65.5788,1.282,,,2.2125,0.312,W,S,7.839355,a,241.08
843,Well39,1408.48,1338.678079,71.738608,63.8762,2.767,,,2.2395,0.301,W,S,5.840942,a,227.03
844,Well39,1637.97,1525.591364,77.384062,67.9516,2.744,,,2.2564,0.302,W,S,7.110718,b1,148.58
845,Well39,1676.52,1552.567223,78.332392,61.0867,2.688,,,2.2512,0.265,W,S,5.572266,b1,82.66
846,Well39,1705.01,1572.190622,79.033246,55.5178,3.163,,,2.3026,0.267,W,S,3.25,b1,43.63
848,Well39,1763.02,1611.817928,80.460292,55.1354,10.855,,,2.2235,0.257,O,S,4.218506,b1,82.99
849,Well39,1776.01,1620.585481,80.779846,56.9908,12.679,,,2.1852,0.266,O,S,4.420166,b1,287.46
850,Well39,1779.01,1622.61032,80.853646,59.1642,14.231,,,2.1902,0.263,O,S,4.420166,b1,288.71
851,Well39,1828.99,1656.520418,82.083154,43.7712,12.015,,,2.2073,0.237,O,S,2.182861,b3,212.29
852,Well39,1861,1678.388896,82.8706,79.6494,11.892,,,2.2947,0.273,O,S,1.981445,b3,21.01
853,Well39,1903.46,1707.546318,83.915116,65.4022,2.623,,,2.2574,0.258,W,S,5.461792,b3,180.28
854,Well39,1934.01,1728.608101,84.666646,65.0487,1.934,,,2.2272,0.282,W,S,3.047974,b4,108.25
855,Well39,1959.96,1746.47503,85.305016,62.5151,1.97,,,2.2413,0.306,W,S,6.073364,b4,621.39
856,Well39,2041.99,1802.838777,87.322954,56.4311,3.226,,,2.3302,0.211,W,S,6.074707,b4,164.86
858,Well40,1546.48,1397.747595,75.133408,73.3765,2.788,,,2.2322,0.275,W,S,4.196289,b1,11.64
859,Well40,1634.46,1459.931484,77.297716,70.0419,4.701,,,2.271,0.287,W,S,2.994507,b1,62.43
860,Well40,1684.43,1495.114629,78.526978,61.9994,2.718,,,2.2374,0.271,W,S,4.197021,b1,141.55
861,Well40,1714.97,1516.782514,79.278262,70.4586,10.953,,,2.2675,0.273,O,S,4.453125,b1,71.27
862,Well40,1742.97,1536.570169,79.967062,68.5809,6.836,,,2.2383,0.267,O,S,2.778809,b1,6.1
863,Well40,1760.88,1549.104299,80.407648,67.2536,12.284,,,2.2957,0.261,O,S,2.961548,b1,21.03
864,Well40,1771.54,1556.509353,80.669884,72.3611,11.779,,,2.219,0.253,O,S,4.236328,b1,115.18
865,Well40,1784.03,1565.197148,80.977138,57.5214,16.283,,,2.2249,0.257,O,S,8.28479,b1,1118.65
866,Well40,1788.47,1568.300873,81.086362,63.41,19.035,,,2.216,0.236,O,S,8.28479,b1,453.61
867,Well40,1827.55,1595.790149,82.04773,106.6131,13.614,,,2.2467,0.271,O,S,2.05542,b3,27.93
869,Well40,1847.98,1610.365126,82.550308,72.6222,20.492,,,2.2401,0.284,O,S,3.609619,b3,218.58
870,Well40,1864.53,1622.270143,82.957438,96.6371,7.568,,,2.3053,0.233,O,S,3.410889,b3,8.77
871,Well41,1665,1486.637852,78.049,50.4437,3.287,,,2.2135,0.247,W,S,4.666626,b1,37.04
872,Well41,1693,1505.029951,78.7378,44.4668,16.161,,,2.1917,0.265,O,S,2.120361,b1,65.68
873,Well41,1727,1527.557991,79.5742,49.1406,20.1329,,,2.2719,0.238,O,S,1.919312,b1,21.34
874,Well41,1742,1537.536399,79.9432,64.1973,12.255,,,2.3048,0.265999,O,S,3.151245,b1,4.79
875,Well41,1751.5,1543.884472,80.1769,44.8791,28.713,,,2.1919,0.251999,O,S,2.961304,b1,212.06
876,Well41,1768,1555.073825,80.5828,34.8262,39.6877,,,2.1489,0.257,O,S,5.914795,b1,453.76
877,Well41,1802,1578.901551,81.4192,58.8867,15.569,,,2.3077,0.218,O,S,1.437744,b3,35.16
878,Well41,1829,1598.790759,82.0834,52.4625,41.082,,,2.2449,0.246,O,S,5.124756,b3,34.87
879,Well41,1846,1611.483861,82.5016,77.3274,9.284,,,2.331,0.229001,O,S,1.028687,b3,2.6
880,Well41,1910,1659.319425,84.076,51.7374,13.426,,,2.1756,0.283002,O,S,1.135742,b4,233.13
881,Well41,1916.5,1664.165015,84.2359,53.6743,12.377,,,2.2035,0.260001,O,S,2.950806,b4,168.36
882,Well41,1931,1674.941498,84.5926,45.374,41.869,,,2.1931,0.266,O,S,10.973389,b4,550.21
883,Well41,1953.5,1691.62277,85.1461,49.0886,29.4169,,,2.1901,0.252,O,S,6.986938,b4,270.07
884,Well41,1962,1697.894628,85.3552,52.9821,15.746,,,2.223,0.241001,O,S,4.613403,b4,169.19
885,Well41,1979.5,1710.80444,85.7857,50.2651,6.985,,,2.2062,0.269001,O,S,5.1604,b4,422.84
886,Well41,1992.5,1720.35062,86.1055,43.7506,1.988,,,2.1932,0.287998,W,S,6.7146,b4,13.56
887,Well41,2034,1750.809209,87.1264,44.1211,1.622,,,2.1503,0.279,W,S,6.159058,b4,321.55
888,Well42,1638,1496.480951,86.27777778,47.3417,2.997,,,2.252,0.266999,W,S,3.561157,a,4.8
889,Well42,1638.01,1496.488246,84.66666667,47.3417,2.997,,,2.252,0.266999,W,S,3.561157,a,3.2
890,Well42,1669.98,1519.573492,78.171508,30.1462,2.4138,,,2.188,0.244016,W,S,1.418091,a,49.8
891,Well42,1710.49,1548.462069,77.88888889,54.0352,14.9266,,,2.235,0.24699,O,S,4.879028,b1,35.1
892,Well42,1722.48,1556.805345,79.61111111,56.156,17.0937,,,2.287,0.225005,O,S,3.931641,b1,27.9
893,Well42,1730.8,1562.594841,80.88888889,69.4388,6.6235,,,2.45,0.214027,O,S,0.209229,b1,37.2
896,Well42,1796.2,1606.987111,81.27652,60.6793,17.6053,,,2.254,0.289,O,S,0.823364,b3,49.8
897,Well42,1801.01,1610.230503,82.61111111,58.0022,20.6856,,,2.248,0.244991,O,S,1.851318,b3,32.8
898,Well42,1852.53,1644.942559,83.5,54.6669,3.1461,,,2.303,0.251003,W,S,1.539062,b3,17.5
899,Well42,1881.01,1663.770109,84.5,56.953,8.2822,,,2.234,0.272971,O,S,2.572144,b4,40.5
900,Well42,1888.98,1668.893031,84.83333333,52.7878,9.3364,,,2.192,0.240977,O,S,2.457153,b4,326.8
901,Well42,1903.99,1678.541094,85.11111111,50.7489,17.952,,,2.254,0.222016,O,S,4.746094,b4,245.2
902,Well42,1910.51,1682.707831,85.33333333,53.0425,26.0079,,,2.225,0.284003,O,S,1.355713,b4,1172.9
903,Well42,1917.51,1687.165084,85.55555556,45.1736,24.3934,,,2.19,0.286004,O,S,4.072266,b4,227.3
904,Well42,1928.5,1694.162973,86.33333333,69.5152,12.2053,,,2.298,0.243022,O,S,2.040894,b4,0.3
905,Well42,1937.99,1700.210027,86.27777778,50.2902,22.8581,,,2.263,0.258973,O,S,5.255493,b4,76.8
906,Well42,1951,1708.511655,86.61111111,43.3275,6.8495,,,2.334,0.208007,W,S,3.50061,b4,58.8
907,Well42,1975.98,1724.442704,86.72222222,48.75,2.3082,,,2.246,0.239004,W,S,4.468628,b4,22.1
908,Well43,1718.68,1483.367617,76,64.2836,2.9348,2.9139,3.1757,2.181,0.264871,W,H,1.080811,a,99.7
910,Well43,1883.98,1622.581858,80.9,34.251,2.3534,2.3264,2.5983,2.1928,0.22458,W,H,1.984131,b1,92.19
911,Well43,1943.98,1668.631934,82.8,36.8714,19.5561,27.3758,50.85,2.1322,0.292268,O,D,3.474487,b3,96.44
912,Well43,1968.98,1686.771667,83.2,46.8537,8.3351,9.1393,11.0673,2.2261,0.245746,O,D,2.35144,b3,65.8
913,Well43,2061.48,1747.463136,84.9,43.0075,17.3399,18.1811,20.7187,2.1674,0.263871,O,D,6.685425,b4,258.15
915,Well43,2098.68,1770.027327,85.3,47.0957,11.9239,16.0704,25.2815,2.2014,0.265918,O,D,2.086304,b4,67.36
918,Well43,2145.98,1799.573209,86.4,43.0909,13.4181,18.7909,34.6891,2.1595,0.242435,O,D,2.841797,b4,459.11
919,Well43,2158.48,1807.479072,86.6,39.3698,20.0172,26.9728,46.3666,2.1446,0.219372,O,D,2.664307,b4,91.72
920,Well43,2169.18,1814.293748,86.8,43.939,12.3817,14.1545,17.2775,2.2673,0.201127,O,D,4.201904,b4,186.95
921,Well43,2178.98,1820.535227,86.9,50.1282,10.7935,12.6193,15.3132,2.2088,0.259663,O,D,0.31958,b4,113.67
922,Well43,2348.48,1932.676702,89.6,55.6338,20.9346,25.5249,32.1897,2.3028,0.151551,O,H,1.287598,c1,20.53
924,Well44,1651,1481.060671,79.7,63.5935,3.5125,4.2202,,2.4436,,W,S,1.549316,b1,91.56
925,Well44,1688,1514.754729,80.9,47.448,5.1361,5.9559,,2.3528,,O,S,1.729126,b1,8.41
926,Well44,1692,1518.395443,81.9,78.0043,6.6393,7.1856,,2.5018,,O,S,,b1,3.8
928,Well44,1730,1552.707723,82.6,57.8116,3.2026,3.1103,,2.4142,,W,S,2.508301,b1,2.98
929,Well44,1740,1561.618915,82.7,107.889,6.67,7.2262,,2.5537,,W,S,,b1,7.88
930,Well44,1850,1656.384766,84.7,57.8529,2.8195,3.0895,,2.4144,,W,S,1.738892,b1,12.69
931,Well44,2349.5,2027.620482,93.7,53.954,37.4429,43.503,,2.3215,,G,S,2.110107,c1,520.05
932,Well44,2353,2030.067751,95.2,42.999,47.9102,62.0496,,2.233,,G,S,1.409058,c1,125.23
934,Well44,2378,2047.558724,100.3,50.992,29.8551,38.266,,2.299,,O,S,1.671143,c1,5.41
938,Well44,2498,2132.93262,103.2,56.63,24.971,37.1037,,2.341,,O,S,1.122314,c1,37.36
939,Well44,2627,2223.779298,102.4,52.0704,8.9881,10.3025,,2.3073,,W,S,1.7771,c2,29.5
942,Well44,2746.5,2309.585273,109.6,50.0535,23.2243,36.3475,,2.2916,,O,S,0.792236,c2,0.49
946,Well44,2892,2418.379647,114,84.121,27.6374,34.9022,,2.325,,O,S,2.09082,c2,2.14
949,Well44,3022.7,2522.440888,116,91.1872,46.1368,47.8122,,2.3556,,O,S,2.035156,c3,0.6
951,Well45,2438.8,1933.866206,90.39,50.4416,41.976,48.1814,51.2516,2.3081,0.20546,O,H,3.874146,c1,5.96
952,Well45,2452.2,1943.641513,90.81,56.0532,29.5906,32.4235,30.31,2.2968,0.19351,O,H,0.890259,c1,26.39
955,Well45,2505.9,1983.623188,94.16,57.9742,21.8141,28.4954,29.5755,2.3004,0.16596,O,H,0.805908,c2,36.45
956,Well45,2513.9,1989.663228,94.41,51.7224,52.946,50.519,79.2497,2.2861,0.17778,O,H,0.689209,c2,121.62
957,Well45,2518.5,1993.136251,94.71,76.1504,26.202,27.3135,32.9302,2.3385,0.20475,O,H,0.802856,c2,8.36
958,Well45,2530.8,2002.321298,94.99,51.7836,57.4793,60.1056,56.2027,2.2993,0.22077,O,H,1.59375,c2,86.7
959,Well45,2536.5,2006.557151,95.31,50.9601,36.3514,43.5249,41.8688,2.3379,0.21015,O,H,0.792969,c2,6.24
960,Well45,2542.6,2011.090257,95.58,61.2073,33.0312,36.0996,28.861,2.3307,0.18693,O,H,0.676147,c2,354.91
962,Well45,2559.5,2023.534111,95.78,60.231,34.966,47.3369,49.3413,2.3498,0.2128,O,H,0.780396,c2,18.11
963,Well45,2561,2024.628185,95.96,71.1491,25.2916,24.2919,25.2844,2.397,0.18339,O,H,0.668457,c2,192.57
964,Well45,2579.9,2038.413526,96.3,61.1458,20.4799,24.9946,26.4166,2.3506,0.19995,O,H,0.7645265,c2,10.73
967,Well45,2656.2,2092.389258,98.2,53.1558,21.1632,23.7745,23.4369,2.3564,0.2209,O,H,0.625732,c2,2.26
968,Well45,2684,2111.363165,98.45,50.9599,31.7247,37.9744,36.3126,2.3874,0.16368,O,H,1.036621,c2,26.3
970,Well45,2767.4,2168.117969,100.21,57.334,24.8143,24.5778,27.8061,2.365,0.17338,O,H,0.726318,c2,22.1
971,Well45,2784.9,2180.054991,100.7,59.7429,33.2993,51.9039,44.6097,2.2668,0.14614,O,H,0.668335,c2,26.52
972,Well45,2788,2182.189472,101.2,74.8386,17.503,19.1521,18.6453,2.3816,0.18465,O,H,0.83667,c2,55.45
976,Well46,2310.1,1849.472088,84.2,61.8949,3.8469,4.1734,4.7985,2.2537,0.27736,W,P,3.676758,c1,61.71
978,Well46,2431.2,1938.994645,89.97,67.2113,18.5357,17.6721,17.3131,2.3384,0.23151,O?,P,0.538818,c2,3.57
980,Well46,2474.1,1969.145704,93,41.6116,4.5965,4.8161,6.2307,2.2905,0.24348,W,P,3.521851,c2,113.36
982,Well46,2600,2057.996278,96.24,46.2947,4.5037,4.8006,6.4956,2.2738,0.2231,W,P,6.569336,c2,205.67
983,Well46,2601.5,2059.070912,96.64,42.0861,4.7129,5.2164,6.8832,2.2781,0.24513,W,P,6.569336,c2,228.17
984,Well46,2626,2076.744054,96.96,47.8137,5.2723,5.5292,6.1937,2.2839,0.24618,W,P,1.433594,c2,104.82
987,Well46,2694.6,2126.448315,106.6,33.574,42.3022,65.9801,59.2767,2.4383,0.13548,O,Q,2.654297,c3,157.07
989,Well46,2744.7,2163.391116,100.2,49.6809,9.2921,9.7334,11.0607,2.3683,0.18882,O,Q,0.796631,c3,129.66
995,Well46,2846.6,2239.393615,103.47,49.6801,8.5658,8.9011,9.5216,2.3133,0.22636,O,Q,0.688721,c3,132
997,Well46,2959.8,2326.57043,106.74,54.7115,12.452,13.4859,14.3564,2.3991,0.20946,O,Q,2.031006,c4,10.05
998,Well46,2977.6,2340.565673,107.27,56.7687,22.0802,22.0656,21.4241,2.4238,0.19038,O,Q,0.600342,c4,1.35
1001,Well47,2253,1827.25784,79.7,62.7701,1.9826,2.0839,2.3476,2.2733,0.27014,W,O,1.292358,c1,43.24
1003,Well47,2293.2,1865.105152,83.47,58.8931,12.3445,11.8676,12.0356,2.2654,0.25474,O,O,2.438721,c2,82.2
1009,Well47,2403.2,1968.819986,91.59,40.7695,2.8597,3.1233,3.511,2.2049,0.26287,W,O,2.880371,c2,97.33
1010,Well47,2514.4,2074.007864,95.18,50.6773,5.7779,5.8144,6.002,2.3708,0.20633,W,O,0.718994,c2,8.7
1011,Well47,2515.4,2074.952635,95.83,46.3385,5.924,5.9822,5.791,2.411,0.18093,W,O,1.006592,c2,3.67
1014,Well47,2646.51,2199.342203,99.47,31.9695,3.5899,3.5468,3.9178,2.3104,0.19896,W,O,4.665039,c3,26.07
1016,Well47,2703.9,2254.438826,101.22,50.6465,19.1635,20.3906,20.3256,2.3657,0.1739,O,O,0.587402,c3,148.8
1018,Well47,2736.09,2285.549605,102.6,64.6772,9.5176,10.3705,10.8313,2.3258,0.21967,O?,O,0.590576,c3,0.55
1023,Well47,2818.8,2366.153526,106.66,63.1697,28.2689,25.7211,25.3005,2.4485,0.17353,O,O,0.447754,c4,6.14
1031,Well48,2162.8,1735.969313,82.85,49.5146,0.7847,0.836,1.0173,2.2245,0.26052,W,P,9.005493,b4,5.63
1033,Well48,2456.8,1977.035962,92.37,64.2353,4.8354,4.9246,5.6328,2.3117,0.271,W,N,0.616821,c1,167.4
1034,Well48,2459.5,1979.223763,93.29,62.7781,4.2083,4.3543,5.0314,2.2915,0.2648,W,N,0.98645,c1,4.07
1038,Well48,2776.7,2245.810521,100.44,37.1136,7.9942,8.2975,9.6399,2.2413,0.23778,W,O,5.423828,c3,237.86
1039,Well48,2778,2246.912923,101.12,39.6418,6.7228,6.9627,8.1308,2.213,0.22959,W,O,5.423828,c3,135.83
1041,Well48,2792.8,2259.474074,102.13,39.2549,5.4012,5.3377,6.3827,2.307,0.21306,W,O,3.103027,c3,136.07
1042,Well48,2824.8,2286.656553,103.52,40.2067,5.3432,5.8932,7.7724,2.2563,0.20752,W,O,1.036377,c3,44.55
1049,Well48,3035,2465.434786,109.42,48.8306,8.4618,9.2198,11.6871,2.35,0.22163,W,O,3.259766,c3,124.72
1054,Well48,3097.5,2519.22154,111.71,46.3028,10.2668,10.031,10.2848,2.36,0.20709,O?,O,0.923828,c4,19.59
1057,Well48,3128.59,2546.17668,112.21,44.1318,18.2604,22.6185,23.9112,2.3553,0.18792,O,O,1.587646,c4,4.76
1058,Well48,3140,2556.099562,113.26,43.3584,12.6605,13.4971,16.7145,2.3812,0.20813,O,O,2.252197,c4,2.35
1059,Well48,3142,2557.839018,113.4,47.9676,13.5256,14.9645,16.847,2.391,0.19232,O,O,0.927734,c4,12.32
1061,Well48,3169,2581.354075,114.07,102.9181,13.4529,15.6601,19.949,2.4855,0.3486,O,O,,c4,0.29
1062,Well48,3170.9,2583.012001,114.29,,14.9552,17.5402,22.6393,2.4894,,O,O,,c4,0.18
1063,Well49,1871.9,1619.718888,74.88,50.5447,2.3368,2.3889,2.6983,2.2408,0.26614,W,D,2.224487,b3,124.21
1064,Well49,1889.5,1632.562698,76.07,35.6418,1.828,1.8055,2.0503,2.1442,0.24524,W,D,4.223999,b3,47.89
1066,Well49,1915.3,1651.399425,77.97,38.7539,1.7596,1.7459,1.9904,2.1991,0.29659,W,D,4.120117,b3,197.98
1069,Well49,2026.8,1732.346014,81.35,46.9534,19.3827,20.6995,19.3548,2.2855,0.23838,O,D,5.615601,b4,33.09
1071,Well49,2048.2,1747.859452,82.01,51.2927,19.8777,25.7848,24.175,2.2098,0.27203,O,D,4.642212,b4,317.48
1072,Well49,2055,1752.795311,82.25,53.4476,20.4906,24.6731,21.9387,2.2189,0.25904,O,D,4.106079,b4,17.19
1073,Well49,2058.8,1755.553585,82.47,59.2832,10.1025,12.9039,11.6281,2.2799,0.25115,O,D,4.106079,b4,21.3
1074,Well49,2068.3,1762.473148,82.71,46.8639,15.1455,18.5092,17.2519,2.3251,0.21094,O,D,2.78125,b4,98.04
1075,Well49,2075,1767.365245,83.2,41.9857,25.0157,27.8621,26.4161,2.2128,0.23105,O,D,8.9021,b4,568.2
1077,Well49,2082.2,1772.622424,83.6,46.0556,28.0992,30.2337,24.7925,2.2013,0.25947,O,D,8.9021,b4,1065.74
1079,Well49,2088.5,1777.222456,83.75,57.9964,5.2081,4.7841,4.7949,2.3074,0.25986,O?,D,0.667847,b4,168.3
1080,Well49,2100,1785.611858,83.84,41.5372,5.6809,6.8363,6.6586,2.2564,0.2409,W,D,4.11438,b4,806.16
1084,Well49,2121.5,1801.292032,84.41,41.3574,2.5137,2.4035,2.4973,2.2422,0.23644,W,D,1.886963,b4,342.5
1087,Well50,1890.4,1799.227621,80.96,40.0361,12.2439,12.7845,15.4381,2.1481,0.30432,O,P,1.697754,c1,663.12
1088,Well50,1891.4,1800.155887,83.2,39.4082,13.5717,13.3567,12.6211,2.1774,0.27849,O,P,1.697754,c1,212.27
1090,Well50,1901.8,1809.80985,87.04,49.9552,10.2381,10.5147,10.3458,2.2229,0.30982,O,P,0.707397,c1,270.92
1091,Well50,1904.2,1812.037688,89.04,60.7114,6.2722,6.2777,6.3437,2.2906,0.28882,O,P,1.131714,c1,4.99
1093,Well50,1946.9,1851.673834,90.97,52.0469,3.269,3.3368,3.6333,2.2433,0.28954,W,P,1.414673,c2,65.06
1094,Well50,1970.1,1873.166167,91.4,48.1028,3.8868,3.7722,4.213,2.1799,0.35097,W,P,1.973999,c2,666.75
1096,Well50,1980.5,1882.790112,92.17,72.9011,6.8573,7.0206,6.8045,2.3317,0.27034,O,P,1.830933,c2,4.3
1097,Well50,1981.9,1884.083365,92.43,50.2242,17.1573,15.9545,14.5068,2.2165,0.28412,O,P,1.830933,c2,471.18
1098,Well50,1994,1895.260764,92.68,62.1156,12.1511,17.5915,16.0629,2.2266,0.2623,O,P,1.126099,c2,243.48
1099,Well50,2016.1,1915.675283,93.94,59.9641,12.2616,14.3505,16.0336,2.3103,0.22528,O,P,0.844482,c2,176.67
1101,Well50,2029.5,1928.053049,94.41,52.3458,15.4727,17.6714,18.5989,2.2491,0.25803,O,P,0.844971,c2,296.04
1102,Well50,2033.3,1931.563162,94.56,51.9869,5.7879,6.028,6.6171,2.2802,0.28824,W,P,1.549316,c2,198.31
1104,Well50,2040.8,1938.503759,94.78,57.0363,5.6828,5.8784,6.7319,2.3212,0.26702,W,P,1.691528,c2,13.21
1105,Well50,2041.8,1939.429398,95.6,47.0273,4.0668,4.287,4.6242,2.2453,0.28362,W,P,1.691528,c2,284.75
1108,Well50,2071.7,1967.11948,95.75,60.0239,14.4832,9.7879,8.6459,2.306,0.28861,O,P,3.249878,c2,14.47
1112,Well50,2152,2041.627888,97.67,51.4492,7.9211,8.7099,9.1306,2.2947,0.19678,W,P,1.130005,c2,160.9
1114,Well50,2176.7,2064.520481,99.16,49.4061,6.3526,6.6993,7.5165,2.3368,0.21298,W,P,2.400879,c2,7.81
1116,Well50,2201.8,2087.803548,99.31,43.5915,7.5885,7.8966,8.7128,2.3371,0.22679,W,P,3.112549,c2,17.62
1117,Well50,2204.2,2090.029985,99.43,53.7798,8.2145,8.8181,9.5054,2.3266,0.18934,W,P,3.112549,c2,8.98
1119,Well50,2227.5,2111.636433,99.84,47.2962,18.1628,18.9588,19.1078,2.3769,0.17616,O,Q,0.98877,c3,25.24
1120,Well50,2235,2118.59081,99.98,42.755,39.1547,47.9756,43.2321,2.2832,0.21742,O,Q,0.705566,c3,62.26
1123,Well50,2262.5,2143.98155,101.31,50.6124,7.1652,7.8297,8.3606,2.3483,0.21219,O,Q,2.10498,c3,40.88
1124,Well50,2283.8,2163.625461,101.47,39.797,8.3929,9.2816,10.1173,2.361,0.17722,O,Q,1.265381,c3,78.17
1126,Well50,2376,2248.606318,103.67,41.1413,8.4139,8.6871,8.3661,2.3311,0.22297,O,Q,2.529297,c3,118.4
1132,Well51,1606,1407.307823,74.93,59.6089,6.4977,7.1207,7.9857,2.3429,0.26523,O,S,1.498047,a,51.41
1133,Well51,1622.8,1422.330987,78.4,56.4367,6.3095,6.7994,8.0008,2.3522,0.22773,O,S,4.228149,a,2.57
1134,Well51,1626,1425.192542,79.31,52.3083,7.6565,8.2274,9.8065,2.3072,0.25137,O,S,4.228149,a,24.84
1135,Well51,1641.3,1438.888708,80.43,52.4931,5.3474,5.79,7.0216,2.357,0.23408,O,S,3.684326,a,3.1
1136,Well51,1792.7,1573.273404,82.95,51.261,3.1023,3.3888,4.3611,2.3068,0.22867,W,S,6.799438,b1,25.61
1138,Well51,2518.1,2091.313542,106.21,62.4455,17.9002,22.348,22.3488,2.3718,0.19628,O,S,1.883057,c2,38.22
1144,Well51,2574.6,2127.818886,104.09,57.7628,16.547,21.083,26.2924,2.4806,0.16026,O,S,0.779785,c2,974.45
1146,Well51,2613.7,2152.855244,105.01,44.485,28.9966,15.1026,11.8831,2.3853,0.18017,O,S,0.785889,c2,12.6
1150,Well51,2656.2,2180.134986,105.52,52.9879,33.983,78.4579,43.6529,2.3186,0.20324,O,S,3.125,c2,20.85
1154,Well51,2709.1,2214.140659,106.91,45.5324,23.4901,32.0498,43.5768,2.355,0.21232,O,S,0.492188,c2,113.06
1158,Well51,2829,2292.576234,109.94,53.3886,19.0306,17.99,18.9575,2.4209,0.14762,O,S,0.59668,c2,5.36
1160,Well51,2839.5,2299.42486,110.32,41.6819,8.9684,9.1285,10.6501,2.3441,0.19405,W,S,6.349121,c2,5.21
1161,Well51,2841.8,2300.925035,110.71,36.4137,7.4935,8.4049,10.0887,2.3572,0.19009,W,S,6.349121,c2,26.1
1167,Well51,2915.5,2349.393876,112.08,49.3528,62.1765,63.8106,48.0495,2.4951,0.16859,O,S,0.200684,c2,3.92
1168,Well51,2957,2376.857924,114.78,38.3854,51.7565,85.8767,86.5647,2.3625,0.13381,O,S,1.631104,c2,31.28
1170,Well51,3011,2413.38868,113.98,39.1863,45.0114,43.8233,45.0896,2.4079,0.17954,O,S,0.730225,c2,11.18
1172,Well51,3046.4,2437.796419,114.86,44.7624,11.4972,13.5787,15.617,2.4374,0.16396,O?,S,1.059326,c2,1.07
1173,Well52,1633,1512.072256,79.51,49.2513,2.7741,3.1223,4.0126,2.3233,0.26986,W,B,4.705444,b1,21.75
1174,Well52,1664,1538.413003,83.43,42.4399,1.7198,2.0115,2.7344,2.2742,0.26912,W,B,1.92688,b1,42.76
1176,Well52,1749.6,1608.533351,74.11,40.4023,23.5352,29.0419,32.1953,2.2903,0.23257,O,S,1.471191,b3,159.66
1177,Well52,1753.4,1611.58671,77.11,44.7977,13.1638,14.6375,15.3161,2.3166,0.238,O,S,1.715576,b3,14.3
1178,Well52,1771.5,1626.124323,78.24,28.4097,28.2173,34.9106,36.9623,2.1323,0.26669,O,S,3.302856,b3,1319.52
1179,Well52,1789.9,1640.889826,80.16,47.1556,13.3042,18.7549,23.2038,2.311,0.23119,O,S,0.611206,b3,18.85
1180,Well52,1847.71,1686.923455,87.8,45.2924,4.4487,4.9456,6.1654,2.292,0.27773,W,B,6.117554,b4,93.71
1185,Well52,2155.5,1919.797871,91.15,43.6334,6.3437,6.5625,7.6988,2.2691,0.27444,O?,B,1.839111,c2,226.67
1186,Well52,2175.8,1935.200771,91.92,53.6467,7.4547,8.3557,9.9604,2.3143,0.23175,O,B,2.202759,c2,15.91
1187,Well52,2201.1,1954.505513,92.61,45.5835,15.4365,17.5829,21.786,2.2065,0.17112,O,B,2.449707,c3,643.76
1191,Well52,2267.7,2005.927282,95.86,49.6004,10.5488,12.8794,14.8254,2.3605,0.23485,O,B,0.476929,c3,28.34
1193,Well52,2310.9,2039.961917,100.49,47.0681,7.7002,8.4942,9.7305,2.4034,0.21574,O,B,1.689575,c3,2.98
1195,Well52,2331.6,2056.377814,98.12,36.7636,6.0657,6.4657,7.8242,2.2823,0.24159,W,B,2.906738,c3,302.64
1196,Well52,2332.9,2057.413312,98.32,32.5139,4.8612,4.9729,5.8083,2.2279,0.2482,W,B,2.906738,c3,1109.38
1197,Well52,2338.5,2061.873922,98.83,39.8782,7.2207,7.633,9.1494,2.3165,0.22704,O,B,3.88208,c3,6.22
1200,Well52,2391.8,2104.543627,100.88,32.8049,6.3234,7.0149,7.3438,2.2866,0.22206,W,B,0.614014,c4,408.62
1205,Well53,2412.5,1911.636162,85.68,41.2289,9.0757,14.4716,16.7257,2.2475,0.25196,O,N,1.921753,c1,17.16
1206,Well53,2423,1920.444809,87.79,50.8972,12.5499,13.8258,16.7986,2.2452,0.267,O,N,2.165405,c1,0.72
1207,Well53,2423.5,1920.861767,92.8,45.0162,11.008,13.4823,18.5791,2.2875,0.24275,O,N,2.165405,c1,183.55
1209,Well53,2482.5,1969.880473,91.96,45.2934,2.711,2.7837,3.0597,2.2226,0.26739,W,P,1.388428,c2,189.54
1211,Well53,2510.2,1992.793266,93.26,67.7394,4.9869,5.3113,5.7714,2.3856,0.25827,W,P,0.629883,c2,22.81
1224,Well54,2251.8,1885.672484,91.73,49.783,3.4777,3.3905,3.8668,2.1671,0.2988,W,O,0.777344,c2,166.37
1226,Well54,2261.6,1892.810517,91.9,62.1298,8.9254,8.6293,8.5381,2.2158,0.29564,O,O,0.665527,c2,558.18
1229,Well54,2305.1,1924.572904,93.01,59.4296,4.0807,4.0793,4.8274,2.3359,0.27421,W,O,1.005493,c2,1.01
1230,Well54,2309.8,1928.016244,93.06,58.1461,4.6534,5.0033,5.5261,2.2946,0.25918,W,O,0.670166,c2,69.52
1235,Well54,2530.2,2091.188129,96.7,43.0661,4.6218,4.341,4.9244,2.3171,0.20412,W,O,2.455078,c2,109.09
1236,Well54,2594.4,2138.87301,98.71,50.2767,4.6474,4.9663,5.3389,2.3159,0.22222,W,O,1.143311,c3,155.11
1237,Well54,2596.5,2140.454075,99.26,42.1111,4.8074,3.7901,4.232,2.28,0.19171,W,O,3.091309,c3,29.23
1238,Well54,2598.8,2142.185718,99.48,37.7979,4.2607,5.0123,5.5385,2.314,0.19884,W,O,3.091309,c3,237.72
1239,Well54,2626.7,2163.259198,99.64,50.441,5.2295,4.6723,5.3611,2.2858,0.19586,W,O,0.809814,c3,82.42
1240,Well54,2636.2,2170.480401,100.48,46.8194,9.193,13.8326,17.8335,2.4287,0.13422,W,O,0.695801,c3,4.43
1243,Well54,2704.5,2223.111989,102.75,45.3047,8.625,9.263,10.3732,2.3665,0.20666,O?,O,0.599365,c3,36.22
1245,Well54,2769.7,2275.637286,103.91,46.951,18.1094,19.9064,21.172,2.4372,0.17291,O,O,1.255371,c4,40.84
1249,Well55,1752.3,1550.229235,65.73,58.9632,3.435,3.4151,3.7476,2.335,0.31033,W,S,1.221558,b1,39.19
1250,Well55,1764.6,1558.451634,67.97,49.3616,3.9131,4.0964,4.7464,2.2818,0.23678,W,S,3.667725,b3,227.27
1251,Well55,1792.5,1577.117681,70.86,33.4207,2.33,2.3522,2.7403,2.2381,0.22298,W,S,2.04187,b3,85.87
1252,Well55,1819,1594.812008,73.26,48.8693,11.6306,13.5247,13.4568,2.3309,0.21762,O,S,2.133179,b3,36.29
1255,Well55,1835.5,1605.766807,77.27,36.1287,2.2595,2.3808,2.8295,2.2039,0.24811,W,S,2.211182,b3,892.19
1257,Well55,1899,1647.018816,79.37,67.1799,10.0385,11.3027,11.6874,2.3458,0.25193,O,S,1.27832,b4,30.97
1259,Well55,1985,1702.771208,80.98,50.9924,2.5069,2.6174,3.1934,2.2847,0.23513,W,S,3.469604,b4,122.14
1262,Well55,2028.4,1731.116444,82.65,54.8088,3.0654,2.765,2.9588,2.2573,0.27208,W,S,2.595703,b4,106.87
1264,Well56,2006.9,1834.903201,82.07,51.1767,18.6159,17.8852,18.0241,2.1983,0.30747,O,P,1.266846,c1,102.27
1265,Well56,2018.4,1844.504501,84.26,67.1238,10.0737,9.8782,9.8784,2.2954,0.27685,O,P,0.508911,c1,141.14
1267,Well56,2078,1894.93291,89.73,54.1505,3.6089,3.8722,4.3451,2.2153,0.28355,W,P,0.651367,c2,2171.4
1268,Well56,2082.2,1898.531653,90.49,57.8102,3.8869,4.021,5.5284,2.247,0.25219,W,P,1.435547,c2,32.77
1271,Well56,2122.8,1933.532292,91.93,57.6796,7.4889,7.8842,8.4521,2.3106,0.23424,O,P,0.661743,c2,115.06
1274,Well56,2171.5,1975.693012,93.99,48.8234,10.0028,10.6641,13.6904,2.2998,0.22051,O,P,5.266357,c2,221.93
1275,Well56,2180,1983.036397,94.15,50.3922,13.2924,14.9433,18.843,2.2573,0.25955,O,P,1.053589,c2,325.45
1276,Well56,2263.2,2055.344113,95.68,52.7778,12.9155,14.3793,12.5558,2.3037,0.21045,O,P,1.064209,c2,69.97
1282,Well56,2359.2,2139.937329,99.47,60.7188,8.136,8.8765,9.7539,2.3835,0.19887,O?,P,0.94043,c3,14.72
1283,Well56,2366.9,2146.726103,99.82,42.7775,6.8615,7.379,7.881,2.3085,0.21288,O?,P,1.478027,c3,140.25
1285,Well56,2419.4,2193.140202,101.08,47.3855,7.9879,8.8785,10.7412,2.3128,0.2409,O?,P,1.625732,c3,10.88
1287,Well56,2476.1,2244.094934,102.87,69.3456,11.3495,11.7246,12.4107,2.3432,0.22842,O?,P,1.110107,c3,20.94
1288,Well56,2523,2287.389398,105.13,52.2871,18.751,18.1421,17.9138,2.4135,0.18469,O,Q,0.568359,c4,7.83
1293,Well56,2572.9,2334.190284,108.44,43.6596,8.5149,9.3475,10.2911,2.3668,0.22688,O,Q,1.293213,c4,0.39
1306,Well57,1901.2,1701.641857,87.5,38.092,2.4938,3.0681,4.6915,2.2502,0.22748,W,C,4.784912,b2,375.25
1307,Well57,1967.1,1762.546596,88.64,52.8798,2.9005,3.2278,4.363,2.3029,0.24464,W,C,3.937988,b2,17.87
1309,Well57,2216.2,1993.667498,95.79,54.8937,15.0674,19.4937,19.6767,2.1925,0.16516,G,S,1.53833,c1,114.9
1310,Well57,2220,1997.142194,96.45,49.3484,41.231,49.2099,52.1007,2.2523,0.17239,G,S,2.794556,c1,920.77
1311,Well57,2226,2002.628556,97.4,74.6,13.802,13.9305,13.5453,2.4044,0.23335,O,S,1.115234,c1,45.66
1319,Well57,2356,2116.471876,102.19,45.2885,5.8598,6.7053,8.2731,2.2886,0.21771,W,S,2.224365,c2,88.28
1324,Well57,2424.6,2170.054453,103.42,40.3042,7.4455,6.9588,7.9168,2.3049,0.22543,W,S,1.139648,c2,828.59
1325,Well57,2657.7,2338.09273,110.43,94.7365,21.4741,23.365,24.8986,2.3984,0.22114,O,B,0.785889,d,1.88
1326,Well57,2685.1,2358.287635,111.13,78.5621,20.8025,18.1072,19.5505,2.4577,0.1457,O,B,1.010742,d,128.25
1327,Well57,2702.1,2370.855326,113.85,84.3386,35.8252,38.4366,29.7191,2.4927,0.14674,O,B,0.456299,d,0.9
1334,Well58,2238.8,1891.760111,80.48,43.7006,14.7438,16.9054,15.5497,2.1853,0.27583,O,N,0.656372,c1,34.03
1336,Well58,2301.2,1944.725518,89.96,58.7964,3.0257,3.1163,3.6876,2.2714,0.27858,W,P,1.905518,c2,19.15
1337,Well58,2331.5,1969.831634,90.61,44.9932,1.9609,2.1992,2.6284,2.1557,0.30386,W,P,1.631836,c2,363.55
1338,Well58,2376.5,2006.459876,92.79,35.595,2.7964,2.8517,3.4677,2.2144,0.24983,W,P,4.536743,c2,146.19
1339,Well58,2508.8,2110.516884,94.99,45.1695,7.3291,7.5701,7.9666,2.4297,0.1918,W,P,1.434082,c2,19.14
1340,Well58,2571,2158.982637,96.63,41.3513,6.1324,6.5199,7.6511,2.3351,0.18163,W,O,2.582275,c3,77.51
1343,Well58,2610.4,2188.889915,101.33,36.946,9.6198,11.3189,13.7022,2.3992,0.15313,O,O,1.246338,c3,1.02
1345,Well58,2649.9,2218.206686,98.43,48.8106,5.6521,5.8762,6.1835,2.3117,0.2163,W,O,0.792236,c3,80.56
1346,Well58,2660.5,2226.058534,99.42,44.758,19.2871,26.4965,22.5253,2.3092,0.23223,O,O,2.370361,c3,51.42
1350,Well58,2808.4,2336.979066,104.73,36.9165,8.9606,9.3985,10.4772,2.3477,0.20643,O,O,1.810547,c4,36.39
1353,Well58,2830,2354.206538,107.18,36.4466,38.0811,63.136,41.8815,2.4892,0.11442,O,O,4.398438,c4,39.73
1358,Well59,1643,1345.08909,87.97,47.6066,2.7484,2.8381,3.4783,2.1697,0.31405,W,C,4.880859,b1,537.62
1360,Well59,1766.2,1443.945992,76.55,40.1037,1.4631,1.5619,1.9561,2.2411,0.27478,W,C,5.542603,b1,948.66
1362,Well59,1998,1629.90068,81.79,38.3089,3.4166,3.721,4.6201,2.3523,0.26331,W,C,5.438721,b2,2.14
1363,Well59,2018,1645.705549,82.59,29.629,2.5939,2.806,3.2389,2.2585,0.21465,W,C,2.285278,b2,200.63
1369,Well59,2168,1763.784554,88.9,48.4009,20.5794,29.4812,23.8296,2.3849,0.1622,O,B,0.480713,c2,14.49
1375,Well59,2346.4,1904.238927,93.03,50.8431,7.7958,8.2565,8.9504,2.3568,0.25499,W,B,0.84082,c2,4.73
1376,Well59,2361.6,1916.268015,94,42.7224,9.8127,10.7436,11.6869,2.3116,0.21041,W,B,0.843262,c2,16.8
1379,Well59,2420.2,1962.718095,95.14,42.0748,6.6356,6.8583,7.7915,2.3466,0.23301,W,B,1.813232,c3,16.34
1380,Well59,2447.5,1984.541789,95.26,34.7486,5.1638,5.2124,5.725,2.301,0.20513,W,B,2.944214,c3,91
1381,Well59,2483.9,2014.194796,96.25,41.0748,32.9045,37.4009,40.1033,2.2344,0.22804,O,B,0.752686,c3,73.15
1382,Well59,2497,2024.979461,97.04,47.1064,16.8718,20.4582,20.7859,2.4519,0.19306,O,B,1.515137,c3,0.48
1383,Well59,2534.4,2056.286666,99.44,41.8103,26.2336,31.2165,29.9169,2.4414,0.19479,O,B,1.413818,c4,1.05
1384,Well59,2540,2061.017064,100.06,50.4606,21.4523,25.227,24.3612,2.357,0.2375,O,B,0.772461,c4,1.11
1385,Well59,2557.8,2076.09119,100.32,48.2243,8.7206,9.0743,9.7247,2.3349,0.23515,O?,B,1.683594,c4,9.66
1388,Well60,1962.2,1794.711838,81.22,52.5799,8.1796,9.1639,9.857,2.3039,0.27929,O,P,0.9198,c1,85.41
1392,Well60,2038.8,1852.180249,90.4,58.9204,17.6811,18.6668,19.2439,2.112,0.1923,O,P,1.133423,c2,41.46
1398,Well60,2316.6,2051.395251,96.98,44.7657,7.6114,7.8786,8.3939,2.3075,0.22529,W,P,1.060059,c3,69.07
1399,Well60,2334.9,2064.126549,97.59,44.7656,21.1628,23.7264,23.5869,2.3424,0.20155,O,P,1.273193,c3,222.2
1400,Well60,2356.2,2078.887992,98.13,47.0954,14.4744,17.3781,15.238,2.3994,0.23788,O,P,0.632324,c3,93.51
1401,Well60,2407,2113.933916,99.14,51.9021,14.0087,19.1675,17.7378,2.3107,0.24398,O,P,0.524658,c3,5.6
1402,Well60,2489.9,2170.974083,101.22,50.1034,9.7099,10.8997,12.9008,2.4398,0.1578,W,P,0.944336,c3,3.52
1404,Well60,2494.4,2174.071701,102.58,45.9449,7.0043,7.0005,7.8097,2.325,0.21133,W,P,2.307861,c3,39.79
1406,Well60,2609.6,2253.461018,105.4,47.9796,9.3029,9.7674,10.5666,2.3609,0.21858,W,P,1.578369,c4,0.52
1420,Well61,2437.7,2088.773077,101.5,47.6331,13.5014,17.6078,19.8752,2.2555,0.15188,O,S,1.154541,c2,74.98
1436,Well61,2766.5,2317.988446,111.64,90.7077,33.0376,37.614,36.8778,2.5889,0.13712,O,B,0.320068,d,0.46
1438,Well61,2791,2335.047264,112.22,67.0891,21.0056,22.649,22.4763,2.498,0.10599,O,B,0.422852,d,15.01
1440,Well61,2824.7,2358.414211,113.37,87.8338,13.6412,15.9096,16.997,2.4656,0.17845,O,B,0.73999,d,6.01
1441,Well61,2832.2,2363.608906,113.74,93.152,14.4168,15.4146,16.0982,2.4338,0.17553,O,B,0.844971,d,8.97
1449,Well61,2936.7,2436.018797,116.31,87.5689,24.2801,24.4184,22.2829,2.4597,0.17802,O,B,0.21167,d,6.72
1450,Well61,2970.1,2459.201694,117.31,98.371,18.2143,26.4712,30.1003,2.4896,0.14201,O,B,1.164062,d,0.15
1452,Well62,2006.2,1600.999363,73.68,,,,,,,W,N,2.184082,b3,58.71
1453,Well62,2047.8,1635.396145,75.46,,,,,,,W,N,4.705811,b3,556.26
1454,Well62,2089.5,1669.516056,77.81,,,,,,,W,N,2.444214,b4,2.9
1455,Well62,2096.8,1675.446941,78.3,,,,,,,W,N,1.681519,b4,18.71
1456,Well62,2111.5,1687.389956,78.63,,,,,,,W,N,2.381348,b4,124.22
1457,Well62,2116.6,1691.533548,79.01,,,,,,,W,N,1.885864,b4,48.62
1458,Well62,2123.2,1696.897348,79.15,,,,,,,W,N,2.064575,b4,624.72
1459,Well62,2147.2,1716.400558,79.81,,,,,,,W,N,14.923584,b4,720.01
1460,Well62,2163,1729.226726,80.21,,,,,,,W,N,4.293945,b4,1.92
1461,Well62,2176.7,1740.340119,81.04,,,,,,,W,N,5.865845,b4,150.55
1462,Well62,2179.6,1742.684337,81.14,,,,,,,W,N,5.865845,b4,48.59
1463,Well62,2181.7,1744.381873,81.24,,,,,,,W,N,5.865845,b4,302.63
1464,Well63,2106.5,1920.798821,93.89,52.0045,26.9983,24.5371,24.349,2.2991,0.155918,G,H,5.369995,c1,279.79
1466,Well63,2112.2,1925.293582,93.69,59.923,41.4565,40.7959,42.4713,2.3085,0.200399,G,H,5.369995,c1,46.72
1468,Well63,2178.5,1977.418461,96.81,52.0856,30.137,29.0484,29.2009,2.2535,0.2077,O,H,1.094727,c2,64.89
1469,Well63,2201.7,1995.486905,97.02,49.3753,17.1089,15.9516,14.6186,2.3059,0.162046,O,H,1.784302,c2,13.82
1470,Well63,2207.5,1999.979348,97.23,68.6523,34.802,34.6279,37.9632,2.2868,0.165434,O,H,1.083618,c2,2.26
1473,Well63,2253.7,2035.3982,98.83,47.1607,44.0526,41.0914,40.3386,2.2946,0.215201,O,H,3.716187,c2,4.75
1474,Well63,2255.1,2036.455348,99.19,45.8655,14.3191,12.494,11.5641,2.2661,0.217495,O,H,3.716187,c2,50.4
1475,Well63,2271.9,2049.141125,99.47,45.1385,21.2783,20.3657,21.0402,2.2936,0.201943,O,H,1.127686,c2,3.3
1476,Well63,2317.9,2083.825238,100.78,48.8923,33.1404,31.6723,33.2025,2.3436,0.189138,O,H,0.832275,c2,0.52
1480,Well63,2385.8,2135.427819,102.35,33.1709,7.9047,7.8305,8.6683,2.2904,0.209554,O,H,0.98877,c2,0.69
1482,Well63,2395.8,2143.023579,102.46,43.3462,6.5885,6.5534,7.3384,2.3222,0.187674,W,H,3.188232,c2,29.29
1483,Well63,2407.8,2152.095266,103.73,53.1595,24.9936,24.9897,27.4593,2.3329,0.178227,O,H,1.360352,c2,4.54
1485,Well63,2456.6,2189.095256,103.95,56.5445,11.4122,11.2417,12.2135,2.3613,0.209896,O,H,0.840576,c2,0.41
1491,Well64,2199.6,1913.75392,90.94,60.4109,13.3648,12.7284,12.89,2.388,0.1982,O,N,1.072998,c1,22.38
1493,Well65,1876.4,1794.086464,90.61,45.3156,2.8774,4.2452,4.5936,2.2279,0.259837,W,B,0.946899,c2,158.03
1494,Well65,2047.9,1946.056749,96.18,49.4217,7.39,5.0538,5.4203,2.2924,0.222731,O?,B,1.460327,c2,4.5
1496,Well65,2130.7,2009.750984,97.8,51.4292,7.249,7.5141,8.1516,2.3079,0.236602,W,B,2.023682,c2,3.51
1501,Well65,2209.1,2066.457657,100.58,53.648,19.8991,16.2209,16.789,2.2648,0.200987,O,Q,1.000244,c3,0.32
1502,Well65,2219,2073.533989,101.01,40.3241,6.8733,7.4259,7.849,2.3019,0.223226,O,Q,0.855225,c3,30.84
1503,Well65,2240.9,2089.184035,101.14,46.7122,7.2355,7.0166,7.4486,2.2946,0.246946,O,Q,0.644043,c3,21.07
1508,Well65,2303.9,2134.216265,103.17,39.885,5.8846,6.1222,6.6299,2.2903,0.213619,O,Q,3.625977,c3,23.57
1513,Well65,2481.7,2260.914497,108.42,46.5966,7.6869,7.9535,8.2936,2.354,0.227556,O,Q,1.855957,c4,0.7
1514,Well66,1863.2,1715.872191,87.58,,,,,,,O?,B,1.15,c1,395.94
1515,Well66,1863.4,1716.007809,88.2,,,,,,,O?,B,1.15,c1,65.54
1516,Well66,1881.6,1728.201632,88.02,,,,,,,O,B,1.92,c1,26.97
1518,Well66,1978.2,1791.504239,90.19,,,,,,,W,B,2.69,c2,39.72
1521,Well66,2046,1836.518532,92.72,,,,,,,O,B,,c2,11.51
1522,Well66,2046.2,1836.655025,96.06,,,,,,,O,B,,c2,13.18
1524,Well66,2092.8,1868.641519,94.2,,,,,,,W,B,3.6,c2,192.19
1527,Well66,2171,1923.624446,96.03,,,,,,,W,B,0.99,c2,50.05
1529,Well66,2210.3,1951.280303,96.41,,,,,,,W,B,0.84,c2,95.11
1530,Well66,2266.7,1990.914905,99.02,,,,,,,O,B,0.56,c3,1.8
1532,Well66,2312.8,2022.932049,99.46,,,,,,,W,B,1.03,c3,2.14
1533,Well66,2329.1,2034.122242,100.7,,,,,,,W,B,1.16,c3,83.77
1535,Well66,2363.3,2057.31837,100.97,,,,,,,W,B,2.29,c3,9.7
1536,Well66,2664.1,2257.648074,112.13,,,,,,,W,A,,d,1.51
1540,Well66,2717.3,2292.939962,114.33,,,,,,,W,A,0.87,d,0.51
1542,Well66,2760,2321.555024,116.1,,,,,,,W,A,0.74,d,0.08
1544,Well66,2834.1,2371.178136,118.12,,,,,,,W,A,0.47,d,0.73
1546,Well67,1919,1594.375752,82.6,37.5877,2.8305,2.9861,3.402,2.1861,0.28286,W,N,,b1,88.85
1548,Well67,2216,1857.886107,89.73,32.1309,2.0345,2.1106,2.3234,2.244,0.212395,W,N,,b3,133.14
1549,Well67,2350,1972.299243,91.77,55.9102,13.3148,13.5212,14.0984,2.3022,0.218541,O,N,,c1,41.64
1550,Well67,2363,1983.259233,92.63,62.2289,13.225,13.3098,13.6397,2.3454,0.199821,O,N,,c1,47.22
1554,Well67,2424.5,2035.129403,92.7,41.739,4.7827,4.9338,5.2882,2.2362,0.231708,W,N,,c2,170.47
1556,Well68,1980.5,1702.907301,82.41,,,,,,,O?,B,0.3,c1,4.2
1557,Well68,1982.5,1664.051361,84.87,,,,,,,W,B,0.52,c1,6.74
1559,Well68,1993,1671.902517,85.21,,,,,,,O,B,0.82,c1,1.5
1565,Well68,2068,1728.078316,87.83,,,,,,,O?,B,0.6,c2,3.78
1569,Well68,2187.5,1818.17254,90.31,,,,,,,O?,B,,c2,1.07
1573,Well68,2225,1879.259873,94.37,,,,,,,O,B,0.93,c2,71.79
1574,Well68,2227.5,1881.043453,91.22,,,,,,,O,B,1.5,c2,1.75
1575,Well68,2229.5,1850.454056,91.37,,,,,,,O?,B,0.85,c2,127.05
1576,Well68,2231.9,1852.298478,91.61,,,,,,,O?,B,0.85,c2,180.89
1580,Well68,2252.5,1898.875579,92.93,,,,,,,,B,0.78,c2,13.9
1582,Well68,2262.5,1906.003678,93.41,,,,,,,O,B,1.93,c2,2.04
1583,Well68,2264.5,1907.429298,93.66,,,,,,,,B,1.93,c2,1.61
1585,Well68,2270.5,1911.706157,93.95,,,,,,,O,B,0.71,c2,72.71
1586,Well68,2278.3,1917.275729,94.71,,,,,,,,B,1.785,c2,136.37
1587,Well68,2280.5,1918.851895,94.82,,,,,,,,B,0.86,c2,7.36
1589,Well68,2313.2,1915.016984,93.18,,,,,,,,B,0.78,c2,13.6
1590,Well68,2325.5,1951.112609,96.85,,,,,,,O,B,3.08,c3,9.36
1591,Well68,2357.5,1973.982625,96.95,,,,,,,,B,0.78,c3,19.5
1598,Well68,2423.3,2000.703001,96.26,,,,,,,O?,B,0.46,c3,6
1600,Well68,2436.3,2030.457504,99.96,,,,,,,,B,,c3,3.28
1605,Well68,2487,2066.56877,102.91,,,,,,,,B,1.28,c3,8.17
1606,Well68,2489.5,2051.184349,98.18,,,,,,,,B,0.53,c3,6.28
1608,Well68,2501.5,2060.293344,98.49,,,,,,,,B,2.2,c3,32.91
1611,Well68,2541,2090.355748,98.27,,,,,,,O,B,0.92,c4,11.65
1612,Well68,2551,2112.835664,104.53,,,,,,,O?,B,0.44,c4,6.17
1618,Well68,2603.5,2137.981592,98.92,,,,,,,O?,B,0.84,c4,15.5
1623,Well69,2042.7,1932.298193,84.48,45.5975,1.8865,2.0122,2.395,2.212,0.247662,W,K,10.222778,b4,11.24
1624,Well69,2123.8,1999.414041,87,39.3619,2.0305,2.1315,2.4302,2.235,0.240786,W,K,17.805176,b4,205.43
1626,Well69,2171.6,2036.587263,88.88,60.1077,9.1763,9.4847,10.7179,2.198,0.298414,O,K,1.311401,b4,51.58
1630,Well69,2176.2,2040.096281,89.69,82.4545,5.8311,5.9796,6.4459,2.3289,0.270889,W,K,2.925049,b4,9.29
1631,Well69,2196.7,2055.721314,90.79,83.7908,6.6625,6.9464,7.8109,2.3701,0.233626,O,K,1.208008,b4,0.35
1633,Well69,2428.6,2217.866215,95.53,54.3405,148.4466,145.317,140.8587,2.2214,0.260521,O,K,6.747559,c1,22.22
1636,Well69,2689.8,2398.399329,110.7,54.0855,9.2327,9.7042,11.4464,2.2746,0.16149,O,K,2.082031,c2,34.65
1642,Well69,2881.4,2530.782083,114.8,35.7022,27.1046,33.9567,21.5234,2.3277,0.174931,O,K,0.894043,c2,24.66
1644,Well69,2940,2571.152077,115.1,51.0146,32.6968,40.1991,,2.4566,,O,K,1.522461,c2,1.86
1645,Well69,2987.4,2603.922054,117.7,41.2428,42.8042,58.7946,,2.4077,,O,K,1.177734,c2,11.36
1646,Well69,3021,2627.342101,118.1,33.5578,51.2196,65.6083,,2.4111,,O,K,2.102539,c2,14.94
1648,Well69,3231.1,2772.149789,124.9,40.6573,9.2777,9.3369,,2.4428,,O,K,1.244873,c2,4.18
1661,Well70,2426.9,2177.997198,102.57,65.6357,22.6424,22.0287,23.0729,2.2931,0.246783,O,K,2.251953,c1,0.81
1664,Well70,2565,2269.433209,104.82,38.2522,41.2865,42.1353,45.6705,2.2989,0.198527,O,K,4.042725,c1,7.38
1666,Well70,2670.2,2339.241178,107.54,36.4364,35.8259,35.5516,36.9355,2.2607,0.203457,O,K,1.523438,c2,8.64
1667,Well70,2674.7,2342.221203,107.6,34.2896,38.1987,37.9493,40.1138,2.2621,0.194044,O,K,1.390869,c2,8.55
1668,Well70,2686.8,2350.234159,107.78,55.3584,33.2215,33.5126,36.3345,2.3188,0.207246,O,K,1.390625,c2,9.8
1670,Well70,2712.9,2367.519294,107.88,47.5558,57.3532,56.6687,59.1206,2.2244,0.132737,G,K,1.390869,c2,3.31
1673,Well70,2759.9,2398.673934,109.18,44.127,5.8355,6.1992,7.3998,2.3097,0.183469,W,K,5.307129,c2,20.04
1675,Well70,2779.9,2411.930253,109.83,53.0844,25.1225,25.244,26.5133,2.4215,0.157039,O,K,0.463379,c2,5.43
1676,Well70,2799.8,2425.12648,110.31,50.8993,21.1203,21.1062,21.8564,2.4088,0.159774,O,K,0.862305,c2,0.4
1677,Well70,2811.8,2433.084973,110.13,70.3154,20.7963,20.9783,22.3508,2.5173,0.152268,O,K,0.664307,c2,0.4
1681,Well70,2908.3,2497.267345,113.35,49.8606,56.4608,55.8127,58.3885,2.4155,0.152294,O,K,0.665771,c2,4.47
1682,Well70,2920.8,2505.58845,113.54,45.4028,117.5495,116.7548,120.3193,2.3593,0.171554,O,K,2.462402,c2,1.85
1685,Well70,3042.2,2586.324582,117.09,49.4338,29.0629,29.1405,30.6716,2.4274,0.147893,O,K,0.534424,c2,0.8
1686,Well70,3053.7,2593.975906,117.95,35.0241,94.1463,91.9129,93.8004,2.3147,0.135358,O,K,4.12915,c2,7.21
1687,Well70,3208.1,2696.11332,120.67,37.2257,17.8017,18.753,21.6271,2.3242,0.167646,O,K,0.790527,c2,4.96
1688,Well70,3214.1,2700.079776,120.74,44.2047,20.702,20.6955,21.7173,2.41,0.164321,O,K,0.459961,c2,2.68
1690,Well70,3292.8,2752.246619,122.73,38.2089,10.9732,11.4014,12.925,2.3604,0.144063,O,K,1.526611,c2,6.77
1691,Well70,3370.1,2803.747368,124.37,46.0859,8.096,8.3656,9.4469,2.3781,0.157297,O?,K,1.203857,c2,3.07
1692,Well70,3373.9,2806.289078,124.4,48.9522,11.4015,11.702,13.0497,2.406,0.144002,O?,K,3.815918,c2,1.82
1693,Well70,3375.7,2807.493046,124.43,43.524,12.2829,12.4453,13.6081,2.4205,0.136226,O?,K,3.815918,c2,0.57
1697,Well71,2512.5,2212.535239,96.94,,,,,,,O?,K,0.917969,b4,1.7
1700,Well71,2826.3,2435.913475,105.1,,,,,,,O?,K,6.168457,c2,2.96
1701,Well71,2831.5,2439.606747,105.02,,,,,,,O?,K,6.168457,c2,9.12
1702,Well71,2848.1,2451.396807,104.75,,,,,,,W,K,2.709717,c2,53.97
1703,Well71,2986.5,2551.211481,107.87,,,,,,,O,K,0.85791,c2,7.88
1704,Well71,2989,2552.99995,107.64,,,,,,,W,K,1.929932,c2,27.47
1705,Well72,2676.9,2316.196291,105.51,45.3437,32.5485,32.1144,32.7539,2.3763,0.099501,O,K,0.574951,c1,0.61
1713,Well72,2821.1,2420.485375,108.78,48.7088,7.8105,8.1244,8.9587,2.3837,0.177592,W,K,1.008545,c1,14.65
1720,Well72,2906.8,2482.181596,111.5,79.9203,6.5444,6.8726,7.6015,2.38,0.172804,W,K,0.503662,c2,1.11
1721,Well72,2909.3,2483.983278,111.52,41.6247,7.6238,8.01,8.8497,2.3706,0.171879,W,K,0.863525,c2,2.3
1724,Well72,2998,2548.372118,113.84,65.7784,15.134,15.6214,16.1642,2.3761,0.197294,O,K,2.39917,c2,76.96
1725,Well72,3018.9,2563.546357,113.89,43.2434,9.243,9.5436,10.06,2.3111,0.17126,O?,K,1.88501,c2,3.71
1727,Well72,3059.6,2593.030935,115.14,50.1804,8.758,9.0925,10.1023,2.3232,0.127977,O?,K,1.520752,c2,0.56
1731,Well72,3085.1,2611.482739,116.14,50.7944,7.9003,8.401,9.609,2.3771,0.178714,W,K,3.758301,c2,1.12
1733,Well72,3088.8,2614.151467,115.93,40.0314,8.8727,9.2968,10.0882,2.4067,0.149203,W,K,3.758301,c2,3.58
1734,Well72,3095.5,2618.984028,116.1,59.0605,36.9282,37.7007,39.2762,2.3204,0.167594,O,K,1.44165,c2,4.59
1740,Well72,3158.1,2663.818436,117.41,44.0321,15.4093,14.5501,13.1455,2.3827,0.171815,O,K,1.428467,c2,0.51
1752,Well72,3317.2,,120.51,57.2345,31.9418,32.4075,32.1414,2.3899,0.147808,O,K,0.647461,c2,22.71
1754,Well73,2781.4,2370.726875,104.39,54.3182,50.5252,50.8036,53.5233,2.2795,0.218718,O,K,2.0354,c1,6.56
1755,Well73,2793.7,2380.745884,103.56,59.5544,40.0566,40.0051,41.2683,2.2963,0.200332,O,K,3.403564,c1,2.3
1759,Well73,2930.8,2488.144306,110.86,40.9085,18.4108,19.1903,21.007,2.435,0.12954,O?,K,0.445801,c1,0.64
1760,Well73,3017.7,2550.650526,112.18,34.9888,10.2366,10.6194,11.4864,2.4715,0.115151,O?,K,0.42334,c2,2.2
1763,Well73,3152.8,2646.065022,116.17,46.177,5.4216,5.5718,5.9535,2.3133,0.2078,W,K,1.131104,c2,0.66
1766,Well73,3237,2705.881663,119.17,54.6001,23.1168,23.6292,24.9815,2.4868,0.12716,O,K,0.569824,c2,4.4
1771,Well73,3366.3,2797.992389,119.32,46.8991,55.0848,54.5801,52.9239,2.319,0.128215,O,K,1.850098,c2,374.32
1779,Well74,3016,2540.811254,111.98,53.227,7.3593,7.7852,8.7682,2.3648,0.180429,W,K,1.219482,c1,8.41
1786,Well74,3177.9,2655.365233,116.04,44.5148,10.3903,10.6647,11.4696,2.3358,0.186529,O,K,0.847656,c2,0.8
1789,Well74,3277.3,2725.712154,119.47,48.5533,8.5269,8.7604,9.3623,2.3611,0.191624,O?,K,0.63208,c2,2.91
1791,Well74,3328.9,2761.980621,120.53,42.8641,8.4306,8.8515,9.8597,2.386,0.161889,O?,K,2.037598,c2,13.28
1792,Well74,3329.1,2762.121201,119.68,39.7349,8.1351,8.5344,9.4761,2.373,0.172861,O?,K,2.037598,c2,14.23
1799,Well75,3057.8,2497.579791,111.94,50.4689,15.7655,15.0537,15.5217,2.4461,0.190107,O,E,0.438721,c1,0.52
1803,Well75,3086.1,2518.256068,112.43,93.6645,15.0921,14.7454,15.3659,2.5844,0.169768,O?,E,,c1,0.36
1808,Well75,3182.5,2588.66399,115.44,52.9937,17.1702,17.2304,19.0101,2.5989,0.13438,O?,E,0.438477,c2,0.45
1812,Well75,3231,2624.111302,116.51,63.344,33.333,31.8207,32.5525,2.3934,0.169939,O,E,0.950195,c2,6.59
1813,Well75,3236.5,2628.131489,116.59,79.6094,12.361,11.9353,12.0863,2.5495,0.201735,G,E,0.950195,c2,16.65
1817,Well75,3260.6,2645.744016,116.84,65.3639,30.6433,29.2502,30.4326,2.6049,0.114348,O,E,0.584473,c2,0.65
1818,Well75,3272.2,2654.220144,116.78,56.3662,23.0538,22.2507,23.2736,2.4847,0.243287,,E,,c2,3.15
1821,Well75,3307.8,2680.227462,117.25,43.0199,19.4894,19.4662,20.6754,2.3905,0.15254,,E,0.365479,c2,2.38
1822,Well76,1563.5,1330.430259,81.4,16.527,0.7888,0.9154,,2.0999,0.282926,W,K,9.00061,,366.94
1824,Well76,2956,2508.398957,112.38,53.3579,36.6006,35.0226,0.3114,2.3267,0.213988,O,K,5.403076,c1,10.91
1825,Well76,3089.7,2608.627956,115.63,45.2593,21.9352,22.017,0.2035,2.368,0.161305,O,K,2.171143,c1,7.88
1830,Well76,3328.2,2779.339451,121.53,39.2722,13.4613,16.5651,0.2267,2.3921,0.087253,O?,K,2.47998,c2,5.73
1831,Well76,3384,2816.730587,121.91,63.1031,39.4697,38.8916,0.5071,2.3371,0.136328,O,K,0.401855,c2,3.32
1832,Well76,3442.2,2855.734027,124.03,49.5839,43.643,27.3208,0.348,2.3593,0.159867,O,K,1.60791,c2,4.95
1836,Well76,3647,2992.928936,128.02,34.8086,55.3919,28.4092,0.1742,2.319,0.159174,O,K,2.339111,c2,9.94
1837,Well76,3679,3014.293277,128.62,51.525,27.6518,9.793,0.3709,2.4031,0.132778,O,K,1.066895,c2,5.16
1842,Well76,3792.1,3089.801795,131.36,56.0941,22.4562,50.091,0.4246,2.469,0.131775,O,K,0.934326,c2,0.43
1843,Well76,3800.6,3095.475081,131.37,46.0168,16.6712,17.2503,0.3061,2.4588,0.135102,O,K,0.934082,c2,0.88
1846,Well76,3821.4,3109.356664,132.42,53.9008,24.7007,25.2314,0.3988,2.5443,0.11627,,K,1.20166,c2,0.39
1848,Well76,3841.2,3122.578919,132.98,37.0507,64.5409,63.2165,0.2006,2.4265,0.138067,O,K,1.402588,c2,3.32
1850,Well76,3874.6,3144.891964,133.77,30.7119,82.339,102.7009,0.126,2.536,0.099031,,K,1.536865,c2,3.06
1854,Well76,3911.5,3169.554911,133.9,41.2045,33.3117,32.5458,0.2495,2.4299,0.121268,O,K,1.805176,c2,0.42
1859,Well77,2842,2427.720786,111.27,45.7199,30.4401,,31.7759,2.2285,0.183059,O,K,1.662598,c1,5.87
1860,Well77,2995,2529.511296,113.89,50.8676,7.6748,,8.6434,2.3666,0.190318,W,K,2.594238,c1,2.03
1861,Well77,3009.6,2539.23224,114.09,43.1204,18.2448,,21.2076,2.5018,0.133694,W,K,0.066406,c1,1.46
1863,Well77,3223.4,2681.774913,118.09,47.7927,19.7892,,21.7047,2.4076,0.138646,W,K,1.066895,c2,6.77
1864,Well77,3224.5,2682.508243,118.75,118.0274,9.2537,,9.8956,2.6645,0.194817,W,K,,c2,6.7
1865,Well77,3267,2710.830129,119.4,47.1577,8.0402,,9.3097,2.352,0.174182,W,K,2.997314,c2,3.07
1867,Well77,3355,2769.456324,121.74,87.1205,9.6959,,11.1499,2.4455,0.192691,W,K,,c2,31.93
1871,Well77,3721.6,3013.644697,128.34,102.1519,8.475,,7.0892,,,W,K,,c2,2.02
1872,Well77,3755.8,3036.427262,129.16,94.3466,12.4123,,8.5289,,,W,K,,c2,0.51
1873,Well77,3767,3043.885939,129.93,88.9578,14.1733,,11.4908,,,W,K,,c2,0.56
1874,Well77,3792.2,3060.733965,130.09,64.7602,17.7719,,14.414,,,O?,K,0.201172,c2,0.72
1875,Well77,3829,3085.564868,131.57,70.9227,20.2042,,21.1999,,,O,K,0.272217,c2,0.33
1877,Well78,1159,1076.026045,77.28,86.7871,0.6933,,0.6427,2.1571,0.253156,W,K,8.069702,,359.78
1878,Well78,1193,1109.085716,75.51,88.7709,0.6922,,0.6343,2.1474,0.294703,W,K,9.919189,,572.41
1879,Well78,1196,1112.002467,77.87,78.9244,0.6114,,0.5726,2.1539,0.252163,W,K,9.919189,,190.39
1880,Well78,1248,1162.558294,81.13,80.1292,0.6527,,0.5688,2.1324,0.268811,W,K,7.973511,,3265.59
1881,Well78,1435,1344.38656,82.03,46.5713,1.6678,,1.3188,2.129,0.283124,W,K,3.889771,a,162.17
1885,Well78,2725,2453.289465,113.02,117.5274,2.4274,,2.4451,2.4443,0.396321,W,K,3.109619,c1,8.05
1887,Well78,3050,2688.725752,118.97,117.5274,2.4274,,2.4451,2.4443,0.396321,G,K,2.360352,c2,4.09
1889,Well78,3298,2851.018917,122.87,117.5274,2.4274,,2.4451,2.4443,,O?,K,,c2,49.73
1890,Well78,3301,2852.994624,123.09,117.5274,2.4274,,2.4451,2.4443,,G,K,6.320557,c2,5.98
1894,Well78,3382,2906.648112,124.89,117.5274,2.4274,,2.4451,2.4443,,W,K,,c2,0.76
1895,Well78,3410,2925.804648,124.78,117.5274,2.4274,,2.4451,2.4443,,W,K,,c2,0.45
1896,Well78,3419,2932.032985,126.15,117.5274,2.4274,,2.4451,2.4443,,W,K,,c2,0.32
1897,Well78,3422,2934.109098,125.76,117.5274,2.4274,,2.4451,2.4443,,W,K,,c2,0.38
1898,Well78,3425,2936.18521,125.84,117.5274,2.4274,,2.4451,2.4443,,W,K,0.343994,c2,0.78
1899,Well78,3481.1,2974.699054,126.4,117.5274,2.4274,,2.4451,2.4443,,W,K,0.823486,c2,0.56
1900,Well78,3517,2999.331552,126.98,117.5274,2.4274,,2.4451,2.4443,,O?,K,,c2,0.44
1902,Well79,2982.5,2458.750612,101.56,79.8088,23.0498,2.4403,22.6786,0.188456,0.741123,O,F,0.68,c1,5.31
1907,Well79,3084,2544.829738,106.52,67.9761,43.2207,2.4775,43.4253,0.131998,0.446419,O,F,0.76,c1,6.85
1916,Well79,3217.2,2657.741873,113.78,82.0596,33.7856,2.4121,33.0997,0.16445,0.598704,O,F,0.59,c2,77.56
1919,Well79,3252.2,2687.373066,114.42,79.9823,47.328,2.423,47.3436,0.147033,0.489347,O,F,0.76,c2,82.66
1922,Well79,3437,2843.804289,119.84,79.4615,17.2466,2.5032,16.5685,0.153676,0.503414,W,F,0.25,c2,0.47
1930,Well79,3579.2,2964.154948,121.18,75.4861,15.4018,2.3931,14.8412,0.148092,0.407906,W,F,2.37,c2,1.75
1940,Well80,2838.4,2475.918006,109.2,45.735,11.5326,12.1041,13.8534,2.3149,0.216764,W,E,2.14,c2,30.74
1941,Well80,2845.7,2481.31278,108.99,58.3249,14.4593,14.6251,15.4459,2.3214,0.196191,W,E,0.89,c2,3.34
1949,Well80,3122.9,2686.061094,117.55,43.4842,31.2124,31.566,33.2068,2.3399,0.152552,O,E,3.11,c2,2.54
1958,Well80,3238,2771.263751,120.12,38.7793,57.176,60.0203,66.4603,2.335,0.145405,O,E,2.59,c3,21.82
1963,Well80,3376.8,2874.037731,122.33,57.3373,29.17,29.5621,33.7094,2.4695,0.10859,O?,E,0.44,c3,0.54
1967,Well81,2487,1827.094522,90.03,94.563,6.1899,2.2629,6.0136,0.215113,0.57609,W,L,1.19,b1,9.36
1969,Well81,3275.1,2353.496484,102.28,80.2343,13.3255,2.3818,13.443,0.169721,0.445511,O,L,4.61,b3,2.5
1973,Well81,3294,2365.733988,102.37,81.0047,12.509,2.3539,12.4254,0.187519,0.453178,O,L,4.71,b3,1.47
1975,Well81,3298.2,2368.443804,102.64,81.8673,7.5751,2.4015,7.4667,0.15298,0.51202,O,L,1.81,b3,1.99
1978,Well81,3311,2376.70228,101.8,83.5618,3.2618,2.3308,3.0859,0.170673,0.447962,W,L,5.92,b3,24.51
1979,Well81,3313,2377.992647,102.1,85.0186,2.9498,2.3387,2.8333,0.196654,0.434597,W,L,5.92,b3,36.4
1980,Well81,3338,2394.122238,103.29,89.753,2.2193,2.3105,2.1033,0.210002,0.391055,W,L,13.16,b3,18.24
1981,Well81,3340,2395.398429,104.41,90.4366,1.8193,2.2703,1.7319,0.211732,0.433279,W,L,13.16,b3,2.66
1982,Well81,3341.5,2396.347218,103.67,85.9436,1.8627,2.3363,1.7955,0.209052,0.363161,W,L,13.16,b3,92.27
1983,Well81,3393,2428.210607,104.67,72.2489,4.6484,2.4546,4.391,0.140044,0.345624,W,L,10.36,b3,0.6
1984,Well81,3395,2429.41922,104.87,76.5079,5.1661,2.426,4.9028,0.133221,0.3234,W,L,10.36,b3,29.14
1986,Well81,3469,2475.427653,105.24,80.0875,3.6679,2.3367,3.4764,0.172155,0.437783,W,L,3.27,b3,0.74
